ABARTH,500,Abarth,M5,1368,Petrol,8.5,5.4,6.5,33.2,52.3,43.5,155,1104,74.0,222.0,35.1,36.8,,
ALFA ROMEO,MiTo,1.4 16v ,M6,1368,Petrol,7.7,4.8,5.9,36.7,58.9,47.9,138,1002,72.5,400.0,47.0,34.0,,
ALFA ROMEO,MiTo,1.4 16v TB 155 ,M6,1368,Petrol,8.5,5.3,6.5,33.2,53.3,43.5,153,1104,74.0,266.0,22.0,27.0,,
ALFA ROMEO,MiTo,1.6 JTDm 120,M6,1598,Diesel,5.9,4.1,4.8,47.9,68.9,58.9,126,926,73.0,297.0,,151.0,188.0,1.000
AUDI,A3,1.4 TFSI 125PS 7speed DSG,D7,1390,Petrol,7.4,4.7,5.7,38.2,60.1,49.6,133,968,70.0,588.2,52.2,45.9,,
AUDI,A3,1.4 TFSI 125PS,M6,1390,Petrol,8.0,4.8,6.0,35.3,58.9,47.1,139,1019,73.0,357.2,37.9,34.1,,
AUDI,A3,1.8 TFSI 160PS 7speed DSG,D7,1781,Petrol,8.9,5.3,6.6,31.7,53.3,42.8,153,1122,73.0,291.3,33.6,25.6,,
AUDI,A3,1.8 TFSI 160PS,M6,1781,Petrol,9.1,5.3,6.7,31.0,53.3,42.2,155,1138,74.0,302.5,43.4,33.9,,
AUDI,A3,2.0 TFSI 200PS,M6,1984,Petrol,9.8,5.7,7.2,28.8,49.6,39.2,166,1225,71.0,235.5,37.7,29.9,,
AUDI,A3,2.0 TFSI 200PS DSG,D6,1984,Petrol,9.8,5.7,7.2,28.2,49.6,39.2,166,1225,71.0,235.5,37.7,29.9,,
AUDI,A3,2.0 TFSI quattro 200PS DSG,D6,1984,Petrol,9.9,6.1,7.5,28.5,46.3,37.7,174,1273,71.0,327.0,44.2,36.1,,
AUDI,A3,S3 2.0 TFSI quattro 265PS S-Tronic,D6,1984,Petrol,11.1,6.7,8.3,25.4,42.2,34.0,193,1412,72.0,263.0,41.2,33.6,,
AUDI,A3,S3 2.0 TFSI quattro 265PS,QM6,1968,Petrol,11.8,6.6,8.5,23.9,42.8,33.2,198,1446,75.0,269.9,33.1,26.3,,
AUDI,A3,2.0 CR TDI 170PS with DPF,M6,1968,Diesel,6.9,4.2,5.2,40.9,67.3,54.3,139,1005,72.0,311.8,,138.8,183.5,0.700
AUDI,A3,2.0 CR TDI 170PS S-Tronic with DPF,D6,1968,Diesel,7.2,4.6,5.6,39.2,61.4,50.4,147,1082,69.0,179.2,,145.8,169.9,0.200
AUDI,A3,2.0 TDI quattro 170PS,QM6,1968,Diesel,7.2,4.7,5.6,39.2,60.1,50.4,148,1082,73.0,343.1,,147.6,176.7,0.500
AUDI,A3 Sportback,1.4 TFSI 125PS 7speed DSG,D7,1390,Petrol,7.6,4.9,5.9,37.2,57.6,47.9,137,1002,70.0,588.6,52.2,45.9,,
AUDI,A3 Sportback,1.4 TFSI 125PS,M6,1390,Petrol,8.2,4.9,6.1,34.4,57.6,46.3,143,1037,73.0,357.5,37.9,34.1,,
AUDI,A3 Sportback,1.8 TFSI 160PS 7speed DSG,D7,1781,Petrol,9.0,5.3,6.6,31.4,53.3,42.8,154,1122,73.0,291.3,33.6,25.6,,
AUDI,A3 Sportback,1.8 TFSI 160PS,M6,1781,Petrol,9.1,5.4,6.7,31.0,52.3,42.2,157,1138,74.0,302.5,43.4,33.9,,
AUDI,A3 Sportback,2.0 TFSI 200PS S-Tronic,D6,1984,Petrol,9.8,5.7,7.2,28.8,49.6,39.2,166,1225,71.0,235.5,37.7,29.9,,
AUDI,A3 Sportback,2.0 TFSI 200PS,M6,1984,Petrol,9.9,5.6,7.2,28.5,50.4,39.2,167,1225,73.0,294.0,25.5,19.5,,
AUDI,A3 Sportback,2.0 TFSI quattro 200PS S-Tronic,D6,1984,Petrol,10.0,6.2,7.6,28.2,45.6,37.2,176,1290,71.0,327.0,44.2,36.1,,
AUDI,A3 Sportback,S3 2.0 TFSI quattro 265PS S-Tronic,D6,1984,Petrol,11.2,6.8,8.4,25.2,41.5,33.6,195,1429,72.0,265.9,42.6,35.1,,
AUDI,A3 Sportback,S3 2.0 TFSI quattro 265PS,QM6,1984,Petrol,11.8,6.7,8.5,23.9,42.2,33.2,199,1446,75.0,229.1,35.9,28.2,,
AUDI,A3 Sportback,2.0 CR TDI 170PS with DPF,M6,1968,Diesel,6.9,4.2,5.2,40.9,67.3,45.3,139,1204,72.0,311.8,,138.8,183.5,0.700
AUDI,A3 Sportback,2.0 CR TDI 170PS S-Tronic with DPF,D6,1968,Diesel,7.4,4.7,5.7,38.2,60.1,49.6,149,1100,69.0,179.2,,145.8,169.9,0.200
AUDI,New A4 Saloon,1.8 TFSI 120PS,M6,1798,Petrol,9.5,5.6,7.1,29.7,50.4,39.8,164,1206,73.0,302.6,47.6,37.6,,
AUDI,New A4 Saloon,1.8 FSI 160PS ,M6,1798,Petrol,9.5,5.6,7.1,29.7,50.4,39.8,164,1206,73.0,302.6,47.6,37.6,,
AUDI,New A4 Saloon,1.8 FSI 160PS Multitronic,AV,1798,Petrol,9.4,5.9,7.2,30.1,47.9,39.2,169,1225,74.0,292.1,39.1,33.4,,
AUDI,New A4 Saloon,1.8 TFSI 160PS Multitronic,AV,1798,Petrol,9.4,5.9,7.2,30.1,47.9,39.2,169,1225,74.0,292.1,39.1,33.4,,
AUDI,New A4 Saloon,2.0 TFSI 211PS,M6,1984,Petrol,9.0,5.2,6.6,31.4,54.3,42.8,154,1122,74.0,266.7,37.1,32.5,,
AUDI,New A4 Saloon,2.0 TFSI 211PS Multitronic,AV,1984,Petrol,9.4,5.7,7.1,30.1,49.6,39.8,167,1206,73.0,630.5,54.8,46.4,,
AUDI,New A4 Saloon,2.0 TFSI quattro 211PS,QM6,1984,Petrol,10.0,5.9,7.4,28.2,47.9,38.2,172,1257,74.0,474.4,33.7,28.3,,
AUDI,New A4 Saloon,S4 3.0 V6 quattro 333PS S-Tronic,D6,2967,Petrol,13.5,7.0,9.4,20.9,40.4,30.1,219,1595,74.0,392.1,70.5,61.1,,
AUDI,New A4 Saloon,S4 3.0 V6 quattro 333PS,QM6,2967,Petrol,13.7,7.3,9.7,20.6,38.7,29.1,225,1650,75.0,683.7,51.3,44.1,,
AUDI,New A4 Saloon,2.0 CR TDI 120PS with DPF,M6,1968,Diesel,6.6,4.2,5.1,42.8,67.3,55.4,134,985,73.0,210.1,,123.9,149.6,0.300
AUDI,New A4 Saloon,2.0 TDI 143PS with DPF,M6,1968,Diesel,6.9,4.4,5.3,40.9,64.2,53.3,139,1023,72.0,316.6,,143.8,176.2,0.200
AUDI,New A4 Saloon,2.0 TDI 143PS Multitronic,AV,1968,Diesel,7.3,4.8,5.7,38.7,58.9,49.6,149,1100,72.0,100.2,,110.3,122.2,0.700
AUDI,New A4 Saloon,2.0 CR TDI 170PS,M6,1968,Diesel,7.1,4.2,5.3,39.8,67.3,53.3,139,1023,73.0,217.2,,129.9,157.6,0.600
AUDI,New A4 Saloon,2.7 V6 TDI 190PS Multitronic,AV,2697,Diesel,7.9,5.5,6.4,35.8,51.4,44.1,167,1237,72.0,258.4,,154.5,182.1,0.900
AUDI,New A4 Saloon,3.0 V6 TDI quattro 240PS,QM6,2967,Diesel,8.8,5.3,6.6,32.1,53.3,42.8,173,1275,74.0,239.3,,159.5,194.3,0.500
AUDI,New A4 Saloon,3.0 V6 TDI quattro 240PS Tiptronic,QA6,2967,Diesel,8.8,5.9,6.9,32.1,47.9,40.9,182,1334,74.0,219.3,,109.9,138.6,0.200
AUDI,New A4 Avant,1.8 TFSI 120PS,M6,1798,Petrol,9.6,5.8,7.2,29.4,48.7,39.2,169,1225,73.0,310.4,46.1,36.7,,
AUDI,New A4 Avant,1.8 FSI 160PS,M6,1798,Petrol,9.6,5.8,7.2,29.4,48.7,39.2,169,1225,73.0,310.4,46.1,37.7,,
AUDI,New A4 Avant,1.8 FSI 160PS Multitronic,AV,1798,Petrol,9.6,6.3,7.5,29.4,44.8,37.7,174,1273,74.0,490.9,45.9,40.1,,
AUDI,New A4 Avant,2.0 TFSI 211PS,M6,1984,Petrol,9.1,5.4,6.8,31.0,52.3,41.5,159,1157,74.0,519.1,50.8,43.7,,
AUDI,New A4 Avant,2.0 TFSI 211PS Multitronic,AV,1984,Petrol,9.8,5.9,7.3,28.8,47.9,38.7,172,1240,73.0,573.4,58.6,49.7,,
AUDI,New A4 Avant,2.0 TFSI quattro 211PS 7speed S-Tronic,D7,1984,Petrol,9.4,6.5,7.6,30.1,43.5,37.2,175,1290,74.0,521.4,56.4,48.9,,
AUDI,New A4 Avant,S4 3.0 V6 quattro 333PS 7speed S-Tronic,D7,2967,Petrol,13.8,7.3,9.7,20.5,38.7,29.1,224,1650,74.0,392.1,70.5,61.1,,
AUDI,New A4 Avant,S4 3.0 V6 quattro 333PS,QM6,2967,Petrol,13.8,7.5,9.9,20.5,37.7,28.5,229,1684,75.0,609.2,57.5,49.6,,
AUDI,New A4 Avant,2.0 TDI 120PS with DPF,M6,1968,Diesel,6.8,4.4,5.3,41.5,64.2,53.3,140,1023,73.0,162.0,,131.1,152.5,0.500
AUDI,New A4 Avant,2.0 TDI 143PS with DPF,M6,1968,Diesel,6.9,4.5,5.4,40.9,62.8,52.3,143,1043,72.0,263.3,,153.8,182.8,0.500
AUDI,New A4 Avant,2.0 TDI 143PS Multitronic with DPF,AV,1968,Diesel,7.5,5.0,5.9,37.7,56.5,47.9,155,1139,72.0,82.8,,132.4,143.4,1.500
AUDI,New A4 Avant,2.0 TDI 170PS with DPF,M6,1968,Diesel,7.2,4.7,5.6,39.2,60.1,50.4,149,1082,73.0,181.1,,148.0,172.3,0.320
AUDI,New A4 Avant,2.0 TDI quattro 170PS with DPF,QM6,1968,Diesel,7.9,5.2,6.2,35.8,54.3,45.6,162,1196,73.0,222.1,,132.7,167.3,0.420
AUDI,New A4 Avant,2.7 V6 TDI 190PS Multitronic,AV,2697,Diesel,7.7,5.8,6.5,36.7,48.7,43.5,169,1254,72.0,225.6,,165.1,190.5,0.900
AUDI,New A4 Avant,3.0 V6 quattro TDI 240PS with DPF,QM6,2967,Diesel,8.8,5.5,6.8,32.1,51.4,41.5,176,1315,74.0,246.7,,157.0,191.8,0.400
AUDI,New A4 Avant,3.0 V6 quattro TDI 240PS Tiptronic with DPF,QA6,2967,Diesel,9.0,6.1,7.2,31.4,46.3,39.2,186,1392,74.0,326.1,,109.7,142.8,0.200
AUDI,A5 Coupé,2.0 FSI 180PS,M6,1984,Petrol,9.0,5.2,6.6,31.4,54.3,42.8,154,1122,73.0,266.7,37.2,32.5,,
AUDI,A5 Coupé,2.0 FSI 180PS Multitronic,AV,1984,Petrol,9.4,5.7,7.1,30.1,49.6,39.8,167,1206,74.0,630.5,54.8,46.4,,
AUDI,A5 Coupé,2.0 TFSI 211PS,M6,1984,Petrol,9.0,5.2,6.6,31.4,54.3,42.8,154,1122,74.0,266.7,37.2,32.5,,
AUDI,A5 Coupé,2.0 TFSI 211PS Multitronic,AV,1984,Petrol,9.4,5.7,7.1,30.1,49.6,39.8,167,1206,73.0,630.5,54.8,46.4,,
AUDI,A5 Coupé,2.0 TFSI quattro 211PS,QM6,1984,Petrol,10.0,5.9,7.4,28.2,47.9,38.2,172,1257,74.0,474.4,33.7,28.3,,
AUDI,A5 Coupé,2.0 CR TDI 170PS with DPF,M6,1968,Diesel,7.1,4.2,5.3,39.8,67.3,53.3,139,1023,73.0,217.8,,129.9,157.6,0.600
AUDI,A5 Coupé,2.7 V6 TDI 190PS Multitronic,AV,2697,Diesel,7.9,5.5,6.4,35.8,51.4,44.1,167,1237,72.0,258.4,,154.5,182.1,0.900
AUDI,A5 Coupé,3.0 V6 TDI quattro 240PS with DPF,QM6,2967,Diesel,8.8,5.3,6.6,32.1,53.3,42.8,173,1275,74.0,239.3,,159.5,194.3,0.500
AUDI,A5 Coupé,3.0 V6 TDI quattro 240PS Tiptronic with DPF,QA6,2967,Diesel,8.8,5.9,6.9,32.1,47.9,40.9,182,1334,74.0,219.3,,109.9,138.6,0.200
AUDI,A6 Saloon,2.0 TFSI 170PS,M6,1984,Petrol,10.2,5.9,7.5,27.7,47.9,37.7,174,1273,72.0,396.1,34.4,29.3,,
AUDI,A6 Saloon,2.0 TFSI 170PS Multitronic,AV,1984,Petrol,10.4,6.1,7.7,27.2,46.3,36.7,179,1308,72.0,720.5,66.4,57.1,,
AUDI,A6 Saloon,2.8 V6 FSI 220PS Multitronic,AV,2773,Petrol,11.8,6.4,8.4,23.9,44.1,33.6,196,1429,73.0,247.6,45.4,40.3,,
AUDI,A6 Saloon,2.8 V6 FSI quattro 220PS Tiptronic ,QA6,2773,Petrol,12.7,6.9,9.0,22.2,40.9,31.4,212,1529,70.0,341.0,56.9,50.0,,
AUDI,A6 Saloon,3.0 V6 FSI quattro 290PS Tiptronic ,QA6,2995,Petrol,13.2,7.1,9.4,21.4,39.8,30.1,219,1595,74.0,768.9,65.7,25.1,,
AUDI,A6 Saloon,2.0 CR TDIe 136PS ,M6,1968,Diesel,7.0,4.3,5.3,40.4,65.7,53.3,139,1023,72.0,267.6,,153.3,189.4,0.600
AUDI,A6 Saloon,2.0 TDI 136PS Multitronic,AV,1968,Diesel,7.3,4.9,5.8,38.7,57.6,48.7,151,1120,72.0,84.8,,161.3,176.8,0.800
AUDI,A6 Saloon,2.0 CR TDI 170PS,M6,1984,Diesel,7.5,4.7,5.7,37.7,60.1,49.6,149,1100,73.0,187.8,,127.3,154.8,1.640
AUDI,A6 Saloon,2.0 CR TDI 170PS Multitronic,AV,1984,Diesel,7.3,5.0,5.8,38.7,56.5,48.7,153,1120,72.0,100.1,,158.5,172.3,0.480
AUDI,A6 Saloon,2.7 V6 TDI 190PS,M6,2698,Diesel,8.3,5.0,6.2,34.0,56.5,45.6,164,1196,72.0,475.3,,144.0,185.7,1.200
AUDI,A6 Saloon,2.7 V6 TDI 190PS Multitronic,AV,2698,Diesel,8.0,5.5,6.4,35.3,51.4,44.1,169,1237,72.0,127.8,,158.2,173.9,0.700
AUDI,A6 Saloon,2.7 V6 TDI quattro 190PS Tiptronic,QA6,2698,Diesel,9.4,5.8,7.1,30.1,48.7,39.8,189,1371,70.0,397.3,,154.9,189.2,0.600
AUDI,A6 Saloon,3.0 V6 quattro TDI 240PS,QM6,2967,Diesel,8.9,5.4,6.7,31.7,52.3,42.2,179,1293,70.0,229.9,,139.9,156.4,0.200
AUDI,A6 Saloon,3.0 V6 CR TDI quattro 240PS  ,QM6,2967,Diesel,8.9,5.4,6.7,31.7,52.3,42.2,179,1293,70.0,229.9,,139.9,156.4,0.200
AUDI,A6 Saloon,3.0 V6 quattro TDI 190PS Tiptronic,QA6,2967,Diesel,9.3,5.8,7.1,30.4,48.7,39.8,189,1371,70.0,229.9,,139.9,156.4,0.200
AUDI,A6 Saloon,3.0 V6 CR TDI quattro 240PS Tiptronic ,QA6,2967,Diesel,9.3,5.8,7.1,30.4,48.7,39.8,189,1371,70.0,229.9,,139.9,156.4,0.200
AUDI,A6 Avant,2.0 TFSI 170PS,M6,1984,Petrol,10.2,5.9,7.5,27.7,47.9,37.7,174,1273,72.0,396.1,34.4,29.3,,
AUDI,A6 Avant,2.0 TFSI 170PS Multitronic,AV,1984,Petrol,10.5,6.2,7.8,26.9,45.6,36.2,181,1326,72.0,720.5,66.4,57.1,,
AUDI,A6 Avant,2.8 V6 FSI 220PS Multitronic,AV,2773,Petrol,12.0,6.5,8.5,23.5,43.5,33.2,197,1446,73.0,247.6,45.4,40.3,,
AUDI,A6 Avant,2.8 V6 FSI quattro 220PS Tiptronic,QA6,2773,Petrol,12.8,7.0,9.1,22.1,40.4,31.0,214,1549,70.0,341.0,56.9,50.0,,
AUDI,A6 Avant,3.0 V6 FSI quattro 290PS Tiptronic,QA6,2995,Petrol,13.3,7.2,9.5,21.2,39.2,29.7,223,1616,74.0,768.9,65.7,58.7,,
AUDI,A6 Avant,2.0 CR TDIe 136PS,M6,1968,Diesel,7.0,4.3,5.3,40.4,65.7,53.3,140,1023,72.0,267.6,,153.3,189.4,0.600
AUDI,A6 Avant,2.0 CR TDI 170PS,M6,1984,Diesel,7.5,4.8,5.8,58.9,37.7,58.9,152,926,73.0,187.8,,127.3,154.8,1.640
AUDI,A6 Avant,2.0 CR TDI 170PS Multitronic,AV,1984,Diesel,7.4,5.0,5.9,38.2,56.5,47.9,154,1139,72.0,100.1,,158.5,172.3,0.480
AUDI,A6 Avant,2.0 TDI 136PS Multitronic,AV,1968,Diesel,7.5,5.0,5.9,37.7,56.5,47.9,155,1139,72.0,267.6,,153.3,189.4,0.600
AUDI,A6 Avant,2.7 V6 TDI 190PS,M6,2698,Diesel,8.3,5.0,6.2,34.0,56.5,45.6,164,1196,72.0,475.3,,144.0,185.7,1.200
AUDI,A6 Avant,2.7 V6 TDI 190PS Multitronic,AV,2698,Diesel,8.1,5.6,6.5,34.9,50.4,43.5,172,1254,72.0,127.8,,158.2,173.9,0.700
AUDI,A6 Avant,2.7 V6 TDI quattro 190PS Tiptronic,QA6,2698,Diesel,9.4,5.8,7.1,30.1,48.7,39.8,190,1371,70.0,397.3,,154.9,189.2,0.600
AUDI,A6 Avant,3.0 V6 CR TDI quattro 240PS,QM6,2967,Diesel,8.9,5.4,6.7,31.7,52.3,42.2,179,1293,70.0,229.9,,139.9,156.4,0.200
AUDI,A6 Avant,3.0 V6 CR TDI quattro 240PS Tiptronic,QA6,2967,Diesel,9.3,5.8,7.1,30.4,48.7,39.8,190,1371,70.0,229.9,,139.9,156.4,0.200
AUDI,Allroad,3.0 V6 TFSI quattro 290PS Tiptronic,QA6,2995,Petrol,13.3,7.6,9.7,21.2,37.2,29.1,225,1650,74.0,413.4,51.6,45.5,,
AUDI,Allroad,2.7 V6 TDI quattro 190PS Tiptronic,QA6,2698,Diesel,10.0,6.3,7.6,28.2,44.8,37.2,202,1466,70.0,291.4,,136.8,171.2,0.700
AUDI,Allroad,3.0 V6 CR TDI quattro 240PS,QM6,2967,Diesel,9.4,5.9,7.2,30.1,47.9,39.2,189,1392,70.0,152.3,,145.3,164.8,0.200
AUDI,Allroad,3.0 V6 CR TDI quattro 240PS Tiptronic,QA6,2967,Diesel,9.7,6.2,7.5,29.1,45.6,37.7,199,1447,70.0,152.3,,145.3,164.8,0.200
AUDI,Q5,2.0 FSI quattro 211PS 7speed S-Tronic,D7,1984,Petrol,10.7,6.8,8.3,26.4,41.5,34.0,192,1412,73.0,633.2,65.9,57.5,,
AUDI,Q5,2.0 FSI quattro 211PS ,QM6,1984,Petrol,10.0,7.3,8.5,28.2,38.7,33.2,197,1446,73.0,685.9,47.9,43.1,,
AUDI,Q5,3.0 V6 TDI quattro 240PS 7speed S-Tronic,D7,2967,Diesel,9.2,6.6,7.5,30.7,42.8,37.7,199,1447,70.0,70.7,,178.0,193.2,0.440
AUDI,TT Coupé,2.0 TFSI quattro 200PS S-Tronic,D6,1984,Petrol,10.5,6.1,7.7,26.9,46.3,36.7,178,1308,74.0,463.2,46.0,36.2,,
AUDI,TT Coupé,TTS 2.0 TFSI quattro 272PS S-Tronic,D6,1984,Petrol,10.6,6.4,7.9,26.6,44.1,35.8,184,1341,73.0,167.4,62.8,50.2,,
AUDI,TT Coupé,TTS 2.0 TFSI quattro 272PS,QM6,1984,Petrol,11.0,6.4,8.1,25.7,44.1,34.9,188,1376,75.0,196.5,55.1,45.0,,
AUDI,TT Coupé,2.0 TDI quattro 170PS,QM6,1984,Diesel,7.0,4.3,5.3,40.4,65.7,53.3,139,1023,73.0,358.8,,144.9,182.2,0.170
AUDI,TT Roadster,2.0 TFSI quattro 200PS S-Tronic,D6,1984,Petrol,10.5,6.3,7.8,26.9,44.8,36.2,181,1326,74.0,201.3,35.1,26.7,,
AUDI,TT Roadster,2.0 TDI quattro 170PS,QM6,1984,Diesel,7.2,4.5,5.5,39.2,62.8,51.4,144,1061,73.0,364.1,,143.7,180.3,0.230
AUDI,TT RS,2.5 T FSI quattro 340PS Coupé,QM6,2480,Petrol,13.1,6.9,9.2,21.6,40.9,30.7,214,1564,73.0,184.5,26.5,23.5,,
AUDI,TT RS,2.5 T FSI quattro 340PS Roadster,QM6,2480,Petrol,13.3,7.2,9.5,21.2,39.2,29.7,221,1616,73.0,184.5,26.5,23.5,,
BMW,1 Series E81/E82/E87/E88,118d 3-door - with particle filter,M6,1995,Diesel,5.4,4.0,4.5,52.3,70.6,62.8,119,869,73.0,190.3,,141.8,167.6,0.140
BMW,1 Series E81/E82/E87/E88,118d 3-door - with particle filter,A6,1995,Diesel,6.9,4.5,5.4,40.9,62.8,52.3,144,1043,69.0,306.3,,157.7,178.9,0.370
BMW,1 Series E81/E82/E87/E88,120d 3-door - with particle filter,M6,1995,Diesel,6.1,4.1,4.8,46.3,68.9,58.9,128,926,74.0,412.7,,107.6,166.2,0.130
BMW,1 Series E81/E82/E87/E88,120d 3-door - with particle filter,A6,1995,Diesel,7.2,4.4,5.4,39.2,64.2,52.3,144,1043,68.0,465.2,,118.0,150.7,0.110
BMW,1 Series E81/E82/E87/E88,123d 3-door - with particle filter - from March 2009,M6,1995,Diesel,6.5,4.4,5.2,43.5,64.2,54.3,138,1005,73.0,140.8,,136.4,180.8,1.210
BMW,1 Series E81/E82/E87/E88,123d 3-door - with particle filter - from March 2009,A6,1995,Diesel,7.3,4.6,5.6,38.7,61.4,50.4,148,1082,68.0,306.0,,118.3,139.1,0.200
BMW,1 Series E81/E82/E87/E88,118d 5-door - with particle filter,M6,1995,Diesel,5.4,4.0,4.5,52.3,70.6,62.8,119,869,73.0,190.3,,141.8,167.6,0.140
BMW,1 Series E81/E82/E87/E88,118d 5-door - with particle filter,A6,1995,Diesel,6.9,4.5,5.4,40.9,62.8,52.3,144,1043,69.0,306.3,,157.7,178.9,0.370
BMW,1 Series E81/E82/E87/E88,120d 5-door - with particle filter,M6,1995,Diesel,6.1,4.1,4.8,46.3,68.9,58.9,128,926,74.0,412.7,,107.6,166.2,0.130
BMW,1 Series E81/E82/E87/E88,120d 5-door - with particle filter,A6,1995,Diesel,7.2,4.4,5.4,39.2,64.2,52.3,144,1043,68.0,465.2,,118.0,150.7,0.110
BMW,1 Series E81/E82/E87/E88,123d 5-door - with particle filter - from March 2009,M6,1995,Diesel,6.5,4.4,5.2,43.5,64.2,54.3,138,1005,73.0,140.8,,136.4,180.8,1.210
BMW,1 Series E81/E82/E87/E88,123d 5-door - with particle filter - from March 2009,A6,1995,Diesel,7.3,4.6,5.6,38.7,61.4,50.4,148,1082,68.0,306.0,,118.3,139.1,0.200
BMW,1 Series E81/E82/E87/E88,120d Coupé - with particle filter,M6,1995,Diesel,6.1,4.1,4.8,46.3,68.9,58.9,128,926,75.0,412.7,,107.6,166.2,0.130
BMW,1 Series E81/E82/E87/E88,120d Coupé - with particle filter,A6,1995,Diesel,7.2,4.4,5.4,39.2,64.2,52.3,144,1043,69.0,465.2,,118.0,150.7,0.110
BMW,1 Series E81/E82/E87/E88,123d Coupé - with particle filter - from March 2009,M6,1995,Diesel,6.5,4.4,5.2,43.5,64.2,54.3,138,1005,73.0,140.8,,136.4,180.8,1.210
BMW,1 Series E81/E82/E87/E88,123d Coupé - with particle filter - from March 2009,A6,1995,Diesel,7.3,4.6,5.6,38.7,61.4,50.4,148,1082,68.0,306.0,,118.3,139.1,0.200
BMW,1 Series E81/E82/E87/E88,118d Convertible - with particle filter,M6,1995,Diesel,5.8,4.4,4.9,48.7,64.2,57.6,129,947,71.0,190.3,,141.8,167.6,0.140
BMW,1 Series E81/E82/E87/E88,118d Convertible - with particle filter,A6,1995,Diesel,7.1,4.7,5.6,39.8,60.1,50.4,148,1082,67.0,306.3,,157.7,178.9,0.370
BMW,1 Series E81/E82/E87/E88,120d Convertible - with particle filter - from September 2008,M6,1995,Diesel,6.4,4.3,5.1,44.1,65.7,55.4,134,985,74.0,412.7,,107.6,166.2,0.130
BMW,1 Series E81/E82/E87/E88,120d Convertible - with particle filter - from September 2008,A6,1995,Diesel,7.4,4.5,5.6,38.2,62.8,50.4,148,1082,69.0,465.2,,118.0,150.7,0.110
BMW,1 Series E81/E82/E87/E88,123d Convertible - with particle filter - from March 2009,M6,1995,Diesel,6.7,4.6,5.4,42.2,61.4,52.3,144,1043,73.0,140.8,,136.4,180.8,1.210
BMW,1 Series E81/E82/E87/E88,123d Convertible - with particle filter - from March 2009,A6,1995,Diesel,7.6,4.9,5.9,37.2,57.6,47.9,154,1139,68.0,306.0,,118.3,139.1,0.200
BMW,3 Series E90/E91/E92/E93,318d Saloon - with particle filter,M6,1995,Diesel,5.7,4.1,4.7,49.6,68.9,60.1,123,908,70.0,75.5,,149.4,169.4,0.150
BMW,3 Series E90/E91/E92/E93,318d Saloon - with particle filter,A6,1995,Diesel,7.1,4.4,5.4,39.8,64.2,52.3,144,1043,69.0,254.2,,169.7,188.2,0.150
BMW,3 Series E90/E91/E92/E93,320d Saloon - with particle filter,M6,1995,Diesel,6.0,4.1,4.8,47.1,68.9,58.9,128,926,73.0,11.1,,129.9,142.2,0.170
BMW,3 Series E90/E91/E92/E93,320d Saloon - with particle filter,A6,1995,Diesel,7.1,4.4,5.4,39.8,64.2,52.3,144,1043,66.0,326.0,,134.9,154.1,0.140
BMW,3 Series E90/E91/E92/E93,330d Saloon - with particle filter,M6,2993,Diesel,7.3,4.8,5.7,38.7,58.9,49.6,152,1100,74.0,331.1,,157.3,200.3,0.100
BMW,3 Series E90/E91/E92/E93,330d Saloon - with particle filter,A6,2993,Diesel,8.0,5.2,6.2,35.3,54.3,45.6,164,1196,70.0,14.0,,131.7,150.5,0.120
BMW,3 Series E90/E91/E92/E93,318d Touring - with particle filter,M6,1995,Diesel,5.8,4.2,4.8,48.7,67.3,58.9,125,926,70.0,75.5,,149.4,169.4,0.150
BMW,3 Series E90/E91/E92/E93,318d Touring - with particle filter,A6,1995,Diesel,7.3,4.6,5.6,38.7,61.4,50.4,146,1082,69.0,254.2,,169.7,188.2,0.150
BMW,3 Series E90/E91/E92/E93,320d Touring - with particle filter,M6,1995,Diesel,6.1,4.2,4.9,46.3,67.3,57.6,130,947,73.0,11.1,,129.9,142.2,0.170
BMW,3 Series E90/E91/E92/E93,320d Touring - with particle filter,A6,1995,Diesel,7.3,4.6,5.6,38.7,61.4,50.4,146,1082,66.0,326.0,,134.9,154.1,0.140
BMW,3 Series E90/E91/E92/E93,330d Touring - with particle filter,M6,2993,Diesel,7.5,5.0,5.9,37.7,56.5,47.9,155,1139,74.0,331.1,,157.3,200.3,0.100
BMW,3 Series E90/E91/E92/E93,330d Touring - with particle filter,A6,2993,Diesel,8.1,5.3,6.3,34.9,53.3,44.8,165,1218,70.0,14.0,,131.7,150.5,0.120
BMW,3 Series E90/E91/E92/E93,320d Coupé - with particle filter - from September 2008,M6,1995,Diesel,6.0,4.1,4.8,47.1,68.9,58.9,128,926,73.0,11.1,,129.9,142.2,0.170
BMW,3 Series E90/E91/E92/E93,320d Coupé - with particle filter - from September 2008,A6,1995,Diesel,7.2,4.5,5.5,39.2,62.8,51.4,145,1061,66.0,326.0,,134.9,154.1,0.140
BMW,3 Series E90/E91/E92/E93,330d Coupé - with particle filter,M6,2993,Diesel,7.3,4.8,5.7,38.7,58.9,49.6,152,1100,74.0,331.1,,157.3,200.3,0.100
BMW,3 Series E90/E91/E92/E93,330d Coupé - with particle filter,A6,2993,Diesel,8.0,5.2,6.2,35.3,54.3,45.6,164,1196,70.0,14.0,,131.7,150.5,0.120
BMW,3 Series E90/E91/E92/E93,320d Convertible - with particle filter - from September 2008,M6,1995,Diesel,6.9,4.3,5.3,40.9,65.7,53.3,140,1023,73.0,11.2,,140.7,156.9,0.170
BMW,3 Series E90/E91/E92/E93,320d Convertible - with particle filter - from September 2008,A6,1995,Diesel,7.5,4.8,5.8,37.7,58.9,48.7,153,1120,66.0,326.0,,134.9,154.1,0.140
BMW,3 Series E90/E91/E92/E93,330d Convertible N57 - with particle filter - from March 2009,M6,2993,Diesel,7.7,5.2,6.1,36.7,54.3,46.3,162,1178,74.0,331.1,,157.3,200.3,0.100
BMW,3 Series E90/E91/E92/E93,330d Convertible N57 - with particle filter - from March 2009,A6,2993,Diesel,8.2,5.4,6.4,34.4,52.3,44.1,170,1237,70.0,14.0,,131.7,150.5,0.120
BMW,7 Series F01/F02,740i Saloon,A6,2979,Petrol,13.8,7.6,9.9,20.5,37.2,28.5,232,1684,69.0,366.1,62.1,9.0,,
BMW,7 Series F01/F02,740Li Saloon,A6,2979,Petrol,14.0,7.7,10.0,20.2,36.7,28.2,235,1702,69.0,366.1,62.1,9.0,,
BMW,7 Series F01/F02,750i Saloon,A6,4395,Petrol,16.4,8.5,11.4,17.2,33.2,24.8,266,1936,72.0,501.0,50.4,21.8,,
BMW,7 Series F01/F02,750Li Saloon,A6,4395,Petrol,16.4,8.5,11.4,17.2,33.2,24.8,266,1936,72.0,501.0,50.4,21.8,,
BMW,7 Series F01/F02,730d Saloon - with particle filter,A6,2993,Diesel,9.5,5.9,7.2,29.7,47.9,39.2,192,1392,72.0,247.5,,166.8,191.6,0.300
BMW,7 Series F01/F02,730Ld Saloon - with particle filter - from March 2009,A6,2993,Diesel,9.6,6.0,7.3,29.4,47.1,38.7,194,1410,72.0,247.5,,166.8,191.6,0.300
BMW,X3 Series E83,X3 xDrive20d - with particle filter - from March 2009,M6,1995,Diesel,8.2,5.5,6.5,34.4,51.4,43.5,172,1254,74.0,119.9,,137.5,171.5,0.290
BMW,X3 Series E83,X3 xDrive20d - with particle filter - from March 2009,A6,1995,Diesel,8.3,5.8,6.7,34.0,48.7,42.2,178,1293,72.0,131.5,,137.2,151.9,0.280
BMW,X6 Series E71,X6 xDrive35i - from April 2009,A6,2979,Petrol,14.9,8.9,11.1,19.0,31.7,25.4,259,1890,72.0,142.4,51.8,13.8,,
BMW,X6 Series E71,X6 xDrive50i - from April 2009,A6,4395,Petrol,17.7,9.9,12.8,16.0,28.5,22.1,299,2172,73.0,434.9,60.0,31.8,,
BMW,Z4 Series E89,Z4 sDrive23i Roadster - from May 2009,A6,2497,Petrol,11.8,6.1,8.2,23.9,46.3,34.4,192,1396,72.0,257.4,48.9,32.8,,
BMW,Z4 Series E89,Z4 sDrive30i Roadster - from May 2009,A6,2996,Petrol,11.9,6.2,8.3,23.7,45.6,34.0,195,1412,74.0,197.3,34.7,30.6,,
BMW,Z4 Series E89,Z4 sDrive23i Roadster - from May 2009,M6,2497,Petrol,12.4,6.2,8.5,22.8,45.6,33.2,199,1446,75.0,515.5,63.0,18.5,,
BMW,Z4 Series E89,Z4 sDrive30i Roadster - from May 2009,M6,2996,Petrol,12.4,6.2,8.5,22.8,45.6,33.2,199,1446,75.0,471.6,44.2,14.7,,
BMW,Z4 Series E89,Z4 sDrive35i Roadster - from May 2009,A7,2979,Petrol,12.6,6.9,9.0,22.4,40.9,31.4,210,1529,74.0,320.3,72.0,21.6,,
BMW,Z4 Series E89,Z4 sDrive35i Roadster - from May 2009,M6,2979,Petrol,13.5,7.0,9.4,20.9,40.4,30.1,219,1595,73.0,323.0,62.6,10.6,,
CITROEN,C4,2.0HDi 16v 140hp Coupé & 5 door,M6,1997,Diesel,7.1,4.3,5.3,39.8,65.7,53.3,139,1023,74.1,193.0,,166.0,186.0,2.000
CITROEN,C5,2.0HDi 16v 140hp Saloon,M6,1997,Diesel,7.5,4.8,5.8,37.7,58.9,48.7,153,1120,71.1,270.0,,169.0,199.0,0.500
CITROEN,C5,2.0HDi 16v 140hp Tourer,M6,1997,Diesel,7.6,4.9,5.9,37.2,57.6,47.9,155,1139,71.1,270.0,,169.0,199.0,0.500
FERRARI,All Models,California,M7,4297,Petrol,19.4,9.4,13.1,14.6,30.0,21.5,299,2233,73.6,377.0,48.0,34.0,,
FIAT,500,1.2 Dualogic Start and Stop,SAT5,1242,Petrol,5.6,4.1,4.7,50.4,68.9,60.1,110,799,73.0,276.0,43.0,13.0,,
FIAT,500,1.2 Start and Stop,M5,1242,Petrol,5.7,4.3,4.8,49.6,65.7,58.9,113,815,73.5,351.0,42.0,32.0,,
FIAT,500,1.2 Dualogic,SAT5,1242,Petrol,6.2,4.3,5.0,45.6,65.7,56.5,118,850,73.5,346.5,42.9,12.8,,
FIAT,500,1.2,M5,1242,Petrol,6.4,4.3,5.1,44.1,65.7,55.4,119,867,73.5,277.5,40.3,14.4,,
FIAT,500,1.4 16v Dualogic,SAT5,1368,Petrol,7.3,5.2,6.0,38.7,54.3,47.1,140,1019,73.0,469.5,45.5,6.4,,
FIAT,500,1.4 16v,M6,1368,Petrol,8.2,5.2,6.3,34.4,54.3,44.8,149,1072,72.5,333.5,44.2,11.2,,
FIAT,500,1.3 16v MultiJet,M5,1248,Diesel,5.3,3.6,4.2,53.3,78.5,67.3,110,811,71.5,351.9,,139.4,173.2,1.023
FIAT,Bravo,1.6 16v MultiJet 120 Dualogic,SAT6,1598,Diesel,5.9,3.8,4.6,47.9,74.3,61.4,120,888,72.0,339.0,,169.0,197.0,2.000
FIAT,Bravo,1.6 16v MultiJet 105,M6,1598,Diesel,6.3,4.1,4.9,44.8,68.9,57.6,129,947,73.0,488.0,,134.0,184.0,2.000
FIAT,Bravo,1.6 16v MultiJet 120,M6,1598,Diesel,6.3,4.1,4.9,44.8,68.9,57.6,129,947,72.0,432.0,,168.0,202.0,1.000
FIAT,Bravo,2.0 16v MultiJet 165 ,M6,1956,Diesel,6.9,4.3,5.3,40.9,65.7,53.3,139,1023,73.0,291.0,,147.0,173.0,2.000
FIAT,Grande Punto ,1.6 16v MultiJet 120,M6,1598,Diesel,5.8,3.8,4.5,48.7,74.3,62.8,119,869,71.0,363.0,,146.0,193.0,1.000
JAGUAR CARS,XF,5.0L V8,A6,5000,Petrol,17.3,7.8,11.1,16.3,36.4,25.4,264,1890,74.0,404.3,30.0,16.7,,
JAGUAR CARS,XF,5.0L V8 Supercharged,A6,5000,Petrol,18.7,8.7,12.5,15.1,32.4,22.5,292,2134,73.0,443.4,36.5,27.6,,
JAGUAR CARS,XF,TDV6 cDPF,A6,2993,Diesel,9.5,5.5,6.8,30.0,51.3,42.0,179,1299,74.0,286.4,,175.9,214.3,0.910
JAGUAR CARS,XK,5.0L Convertible,A6,5000,Petrol,17.1,8.0,11.2,16.5,35.3,25.2,264,1905,73.0,266.4,23.2,12.1,,
JAGUAR CARS,XK,5.0L Coupé,A6,5000,Petrol,17.1,8.0,11.2,16.5,35.3,25.2,264,1905,73.0,266.4,23.2,12.1,,
JAGUAR CARS,XKR8,5.0L Supercharged Convertible,A6,5000,Petrol,18.9,8.6,12.3,14.9,33.0,23.0,292,2087,74.0,768.0,38.8,21.7,,
JAGUAR CARS,XKR8,5.0L Supercharged Coupé,A6,5000,Petrol,18.9,8.6,12.3,14.9,33.0,23.0,292,2087,74.0,768.0,38.8,21.7,,
MASERATI,Granturismo,S,M6,4691,Petrol,25.2,11.3,16.4,11.2,25.0,17.2,385,2791,74.3,458.0,29.0,30.0,,
MASERATI,Quattroporte,S,A6,4691,Petrol,23.9,10.9,15.7,11.8,25.9,18.0,365,2667,69.2,506.0,39.0,24.0,,
MASERATI,Quattroporte,Sport GT S,A6,4691,Petrol,23.9,10.9,15.7,11.8,25.9,18.0,365,2667,71.8,506.0,39.0,24.0,,
MAZDA,Mazda3 (2009 MY),2.0 4/5 Door,M6,1999,Petrol,9.3,5.4,6.8,30.4,52.3,41.5,159,1157,69.0,433.4,48.0,10.4,,
MAZDA,Mazda3 (2009 MY),2.0 5 Door,A5,1999,Petrol,10.6,5.8,7.6,26.6,48.7,37.2,175,1290,70.0,233.1,34.2,27.7,,
MAZDA,Mazda3 (2009 MY),2.2 (150PS) 5 Door,M6,2184,Diesel,6.9,4.5,5.4,40.9,62.8,52.3,144,1043,68.0,291.1,,165.1,189.7,0.400
MAZDA,Mazda3 (2009 MY),2.2 (185PS) 4/5 Door,M6,2184,Diesel,7.2,4.7,5.6,39.2,60.1,50.4,149,1082,68.0,286.8,,158.4,178.5,0.900
PEUGEOT,308 Coupé Cabriolet,2.0 HDi FAP (140 bhp),M6,1997,Diesel,7.8,4.8,5.9,36.2,58.8,47.8,155,1141,72.0,281.0,,176.0,208.0,1.000
PEUGEOT,407 Saloon,2.0 HDi FAP (140 bhp) ,M6,1997,Diesel,7.5,4.7,5.7,37.6,60.0,49.5,150,1102,74.7,238.0,,177.0,214.0,0.300
PEUGEOT,407 SW,2.0 HDi FAP (140 bhp) ,M6,1997,Diesel,7.5,4.7,5.7,37.6,60.0,49.5,150,1102,74.7,238.0,,177.0,214.0,0.300
PORSCHE,911,Carrera Coupé Gen II 6-Speed,M6,3614,Petrol,13.9,7.2,9.6,20.3,39.2,29.4,225,1633,75.0,140.6,45.2,37.9,,
PORSCHE,911,Carrera Coupé Gen II PDK,A7,3614,Petrol,14.4,6.7,9.6,19.6,42.2,29.4,225,1633,74.0,236.1,50.2,20.3,,
PORSCHE,911,Carrera Cabriolet Gen II PDK,A7,3614,Petrol,14.9,6.9,9.9,19.0,40.9,28.5,233,1684,74.0,236.1,50.2,20.3,,
PORSCHE,911,Carrera Cabriolet Gen II 6-Speed,M6,3614,Petrol,14.9,6.9,9.9,19.0,40.9,28.5,233,1684,75.0,140.6,45.2,37.9,,
PORSCHE,911,Carrera 4 Gen II Coupé 6-Speed,M6,3614,Petrol,14.6,7.6,10.1,19.3,37.2,28.0,237,1714,75.0,126.0,45.8,39.5,,
PORSCHE,911,Carrera 4 Gen II Coupé PDK,A7,3614,Petrol,15.2,7.2,10.1,18.6,39.2,28.0,237,1714,74.0,209.9,48.2,25.9,,
PORSCHE,911,Targa 4 Gen II 6-Speed,M6,3614,Petrol,14.6,7.6,10.1,19.3,37.2,28.0,237,1714,75.0,126.0,45.8,39.5,,
PORSCHE,911,Carrera S Coupé Gen II PDK,A7,3800,Petrol,15.3,7.1,10.2,18.5,39.8,27.7,240,1733,74.0,238.9,53.3,20.1,,
PORSCHE,911,Carrera S Coupé 6-Speed,M6,3800,Petrol,15.5,7.2,10.3,18.2,39.2,27.4,242,1752,75.0,142.1,46.5,19.9,,
PORSCHE,911,Carrera S Cabriolet Gen II 6 Speed,M6,3800,Petrol,15.5,7.2,10.3,18.2,39.2,27.4,242,1752,75.0,142.1,46.5,19.9,,
PORSCHE,911,Carrera S Cabriolet Gen II PDK,A7,3800,Petrol,15.5,7.2,10.3,18.2,39.2,27.4,242,1752,74.0,238.9,53.3,20.1,,
PORSCHE,911,Carrera 4 Gen II Cabriolet 6-Speed,M6,3614,Petrol,14.8,7.8,10.3,19.1,36.2,27.4,242,1752,75.0,126.0,45.8,39.5,,
PORSCHE,911,Carrera 4 Gen II Cabriolet PDK,A7,3614,Petrol,15.5,7.4,10.3,18.2,38.2,27.4,242,1752,74.0,209.9,48.2,25.9,,
PORSCHE,911,Targa 4 Gen II PDK,A7,3614,Petrol,15.5,7.4,10.3,18.2,38.2,27.4,242,1752,74.0,209.9,48.2,25.9,,
PORSCHE,911,Carrera 4S Gen II Coupé 6-Speed,M6,3800,Petrol,15.7,7.6,10.5,18.0,37.2,26.9,247,1785,75.0,140.7,41.5,17.2,,
PORSCHE,911,Carrera 4S Gen II Coupé PDK,A7,3800,Petrol,15.8,7.5,10.5,17.9,37.7,26.9,247,1785,74.0,229.0,50.2,19.1,,
PORSCHE,911,Targa 4S Gen II 6-Speed,M6,3800,Petrol,15.7,7.6,10.5,18.0,37.2,26.9,247,1785,75.0,140.7,41.5,17.2,,
PORSCHE,911,Carrera 4S Gen II Cabriolet 6-Speed,M6,3800,Petrol,15.8,7.8,10.7,17.9,36.2,26.4,251,1818,75.0,140.7,41.5,17.2,,
PORSCHE,911,Carrera 4S Gen II Cabriolet PDK,A7,3800,Petrol,16.1,7.7,10.7,17.5,36.7,26.4,251,1818,74.0,229.0,50.2,19.1,,
PORSCHE,911,Targa 4S Gen II PDK,A7,3800,Petrol,15.8,7.7,10.7,17.9,36.7,26.4,251,1818,74.0,229.0,50.2,19.1,,
PORSCHE,Boxster,2.9 PDK,A7,2893,Petrol,13.6,6.5,9.1,20.8,43.5,31.0,214,1549,73.0,274.1,51.5,46.1,,
PORSCHE,Boxster,2.9,M6,2893,Petrol,13.8,6.9,9.4,20.5,40.9,30.0,221,1600,75.0,342.9,40.7,46.1,,
PORSCHE,Boxster S,3.4 PDK,A7,3436,Petrol,14.1,6.6,9.4,20.0,42.8,30.1,221,1595,74.0,188.8,47.5,42.0,,
PORSCHE,Boxster S,3.4,M6,3436,Petrol,13.6,7.1,9.5,20.8,39.8,29.7,223,1616,75.0,166.2,53.4,45.2,,
PORSCHE,Cayman,2.9 PDK,A7,2893,Petrol,13.6,6.5,9.1,20.8,43.5,31.0,214,1549,73.0,274.1,51.5,46.1,,
PORSCHE,Cayman,2.9,M6,2893,Petrol,13.8,6.9,9.4,20.5,40.9,30.1,221,1595,75.0,342.9,40.7,46.1,,
PORSCHE,Cayman S,3.4 PDK,A7,3436,Petrol,14.1,6.6,9.4,20.0,42.8,30.1,221,1595,74.0,188.8,47.5,42.0,,
PORSCHE,Cayman S,3.4,M6,3436,Petrol,13.6,7.1,9.5,20.8,39.8,29.7,223,1616,75.0,166.2,53.4,45.2,,
PORSCHE,Cayman S,Sport Edition 6-Speed ,M6,3387,Petrol,15.3,7.8,10.6,18.5,36.2,26.6,254,1805,75.0,436.2,41.2,14.6,,
PORSCHE,Cayman S,Sport Edition Tiptronic S ,A5,3387,Petrol,16.3,7.9,11.0,17.3,35.8,25.7,262,1868,74.0,417.8,30.1,9.4,,
SEAT,Exeo,2.0 TFSI 200PS,M6,1984,Petrol,10.9,5.8,7.7,25.9,48.7,36.7,179,1308,72.0,199.5,24.1,21.3,,
SEAT,Exeo,2.0 TDI 143PS,M6,1968,Diesel,7.6,4.3,5.5,37.2,65.7,51.4,143,1061,72.0,307.7,,131.1,186.6,0.450
SEAT,Exeo,2.0 TDI 170PS,M6,1968,Diesel,8.1,4.6,5.9,34.9,61.4,47.9,153,1139,73.0,131.3,,131.4,149.2,0.850
SUZUKI,Alto,1.0 Hatchback 5 door from VIN MA3GFC31S00106000,5MT,996,Petrol,5.5,3.8,4.4,51.4,74.3,64.2,103,748,68.6,499.4,35.1,4.6,,
SUZUKI,Alto,1.0 Hatchback 5 door from VIN MA3GFC31S00106646,4AT,996,Petrol,6.7,4.5,5.2,42.2,62.8,54.3,122,884,71.0,227.3,32.6,5.0,,
TOYOTA,Avensis,2009 2.2 D-4-D T4 Tourer 150,M6,2231,Diesel,7.1,4.8,5.6,39.8,58.9,50.4,150,1082,73.0,161.2,,161.8,171.4,1.000
TOYOTA,Avensis,2009 2.2 D-4-D TR Tourer 150,M6,2231,Diesel,7.1,4.8,5.6,39.8,58.9,50.4,150,1082,73.0,161.2,,161.8,171.4,1.000
TOYOTA,Avensis,2009 2.2 D-4-D Tspirit Tourer 150,M6,2231,Diesel,7.1,4.8,5.6,39.8,58.9,50.4,152,1082,73.0,161.2,,161.8,171.4,1.000
TOYOTA,Avensis,2009 4 door T4 2.2 D-CAT 180,M6,2231,Diesel,7.4,5.0,5.9,38.2,56.5,47.9,157,1139,73.0,140.9,,104.5,118.3,1.140
TOYOTA,Avensis,2009 4 door 2.2 Tspirit D-CAT 180,M6,2231,Diesel,7.5,5.1,6.0,37.7,55.4,47.1,159,1158,73.0,140.9,,104.5,118.3,1.140
VAUXHALL,Corsa MY2009 3 Door Hatchback,1.7CDTi 16v (125PS),M6,1686,Diesel,6.2,4.0,4.8,45.6,70.6,58.9,130,926,72.0,173.0,,118.0,157.0,1.000
VAUXHALL,Corsa MY2009 5 Door Hatchback,1.7CDTi 16v (125PS),M6,1686,Diesel,6.3,4.1,4.9,44.8,68.9,57.6,132,947,72.0,173.0,,118.0,157.0,1.000
VAUXHALL,Insignia MY2009 4 Door Saloon,1.6i 16v VVT (115PS),M6,1598,Petrol,10.6,5.9,7.6,26.6,47.9,37.2,179,1290,73.0,621.9,36.7,19.4,,
VAUXHALL,Insignia MY2009 4 Door Saloon,1.8i 16v VVT (140PS),M6,1796,Petrol,10.9,6.0,7.8,25.9,47.1,36.2,184,1326,74.0,606.1,37.5,16.6,,
VAUXHALL,Insignia MY2009 4 Door Saloon,2.0i 16v Turbo (220PS),M6,1998,Petrol,12.6,6.7,8.9,22.4,42.2,31.7,208,1514,71.0,224.1,42.2,29.2,,
VAUXHALL,Insignia MY2009 4 Door Saloon,2.0i 16v Turbo (220PS) 4x4,M6,1998,Petrol,13.0,7.0,9.2,21.7,40.4,30.7,215,1564,71.0,346.6,53.6,35.0,,
VAUXHALL,Insignia MY2009 4 Door Saloon,2.0i 16v Turbo (220PS),A6,1998,Petrol,14.0,7.0,9.6,20.2,40.4,29.4,225,1633,70.0,271.1,61.0,45.9,,
VAUXHALL,Insignia MY2009 4 Door Saloon,2.0i 16v Turbo (220PS) 4x4,A6,1998,Petrol,14.3,7.2,9.8,19.8,39.2,28.8,229,1667,70.0,288.0,67.2,30.5,,
VAUXHALL,Insignia MY2009 4 Door Saloon,2.8i V6 24v Turbo (260PS),M6,2792,Petrol,16.9,7.4,10.9,16.7,38.2,25.9,256,1854,71.0,361.7,42.1,52.4,,
VAUXHALL,Insignia MY2009 4 Door Saloon,2.8i V6 24v Turbo (260PS),A6,2792,Petrol,17.9,7.9,11.6,15.8,35.8,24.4,272,1967,71.0,199.2,63.9,49.6,,
VAUXHALL,Insignia MY2009 4 Door Saloon,2.0CDTi 16v (110PS),M6,1956,Diesel,7.6,4.8,5.8,37.2,58.9,48.7,154,1120,72.0,162.1,,162.0,179.2,0.460
VAUXHALL,Insignia MY2009 4 Door Saloon,2.0CDTi 16v (130PS),M6,1956,Diesel,7.6,4.8,5.8,37.2,58.9,48.7,154,1120,72.0,162.1,,162.0,179.2,0.460
VAUXHALL,Insignia MY2009 4 Door Saloon,2.0CDTi 16v (160PS),M6,1956,Diesel,7.6,4.8,5.8,37.2,58.9,48.7,154,1120,72.0,260.9,,138.5,163.5,1.020
VAUXHALL,Insignia MY2009 4 Door Saloon,2.0CDTi 16v (130PS),A6,1956,Diesel,9.2,5.2,6.7,30.7,54.3,42.2,177,1293,74.0,65.6,,154.0,164.7,0.710
VAUXHALL,Insignia MY2009 4 Door Saloon,2.0CDTi 16v (160PS),A6,1956,Diesel,9.2,5.2,6.7,30.7,54.3,42.2,177,1293,75.0,65.6,,154.0,164.7,0.710
VAUXHALL,Insignia MY2009 5 Door Hatchback,1.6i 16v VVT (115PS),M6,1598,Petrol,10.6,5.9,7.6,26.6,47.9,37.2,179,1290,73.0,621.9,36.7,19.4,,
VAUXHALL,Insignia MY2009 5 Door Hatchback,1.8i 16v VVT (140PS),M6,1796,Petrol,10.9,6.0,7.8,25.9,47.1,36.2,184,1326,74.0,606.1,37.5,16.6,,
VAUXHALL,Insignia MY2009 5 Door Hatchback,2.0i 16v Turbo (220PS),M6,1998,Petrol,12.7,6.7,8.9,22.2,42.2,31.7,209,1514,71.0,224.1,42.2,29.2,,
VAUXHALL,Insignia MY2009 5 Door Hatchback,2.0i 16v Turbo (220PS) 4x4,M6,1998,Petrol,13.0,7.0,9.2,21.7,40.4,30.7,215,1564,71.0,346.6,53.6,35.0,,
VAUXHALL,Insignia MY2009 5 Door Hatchback,2.0i 16v Turbo (220PS),A6,1998,Petrol,14.0,7.0,9.6,20.2,40.4,29.4,225,1633,70.0,271.1,61.0,45.9,,
VAUXHALL,Insignia MY2009 5 Door Hatchback,2.0i 16v Turbo (220PS) 4x4,A6,1998,Petrol,14.3,7.2,9.8,19.8,39.2,28.8,229,1667,70.0,288.0,67.2,30.5,,
VAUXHALL,Insignia MY2009 5 Door Hatchback,2.0i 16v Turbo SRI,M6,1998,Petrol,12.8,6.5,8.8,22.1,43.5,32.1,208,1496,71.0,163.6,39.7,25.4,,
VAUXHALL,Insignia MY2009 5 Door Hatchback,2.8i V6 24v Turbo (260PS),M6,2792,Petrol,16.9,7.4,10.9,16.7,38.2,25.9,256,1854,71.0,361.7,42.1,52.4,,
VAUXHALL,Insignia MY2009 5 Door Hatchback,2.8i V6 24v Turbo (260PS),A6,2792,Petrol,17.9,7.9,11.6,15.8,35.8,24.4,272,1967,71.0,199.2,63.9,49.6,,
VAUXHALL,Insignia MY2009 5 Door Hatchback,2.0CDTi 16v (110PS),M6,1956,Diesel,7.6,4.8,5.8,37.2,58.9,48.7,154,1120,72.0,162.1,,162.0,179.2,0.460
VAUXHALL,Insignia MY2009 5 Door Hatchback,2.0CDTi 16v (130PS),M6,1956,Diesel,7.6,4.8,5.8,37.2,58.9,48.7,154,1120,72.0,162.1,,162.0,179.2,0.460
VAUXHALL,Insignia MY2009 5 Door Hatchback,2.0CDTi 16v (160PS),M6,1956,Diesel,7.6,4.8,5.8,37.2,58.9,48.7,154,1120,72.0,260.9,,138.5,163.5,1.020
VAUXHALL,Insignia MY2009 5 Door Hatchback,2.0CDTi 16v (130PS),A6,1956,Diesel,9.3,5.3,6.8,30.4,53.3,41.5,179,1315,74.0,65.6,,154.0,164.7,0.710
VAUXHALL,Insignia MY2009 5 Door Hatchback,2.0CDTi 16v (160PS),A6,1956,Diesel,9.3,5.3,6.8,30.4,53.3,41.5,179,1315,75.0,65.6,,154.0,164.7,0.710
VOLKSWAGEN,Eos,2.0 CR TDI (140 PS) with DPF,M6,1984,Diesel,7.3,4.7,5.6,38.7,60.1,50.4,148,1082,69.0,217.9,,152.1,191.4,0.280
VOLKSWAGEN,Eos,2.0 CR TDI (140 PS) DSG with DPF,D6,1968,Diesel,7.9,5.0,6.1,35.8,56.5,46.3,159,1178,69.0,115.6,,129.3,145.5,1.540
VOLKSWAGEN,Golf Plus,1.4 TSI (122 PS) 7speed DSG,D7,1390,Petrol,8.0,5.3,6.3,35.3,53.3,44.8,146,1072,70.0,214.6,38.2,32.3,,
VOLKSWAGEN,Golf Plus,1.4 TSI (160 PS) 7speed DSG,D7,1390,Petrol,7.9,5.4,6.3,35.8,52.3,44.8,147,1072,68.0,220.1,32.9,27.8,,
VOLKSWAGEN,Golf Plus,1.4 TSI (122 PS),M6,1390,Petrol,8.4,5.4,6.5,33.6,52.3,43.5,152,1104,72.0,420.5,37.2,30.6,,
VOLKSWAGEN,Golf Plus,2.0 TDI (140 PS),M6,1968,Diesel,6.5,4.4,5.1,43.5,64.2,55.4,135,985,72.0,409.4,,146.4,189.9,0.360
VOLKSWAGEN,Golf Plus,2.0 TDI (140 PS) DSG,D6,1968,Diesel,7.3,4.7,5.6,38.7,60.1,50.4,146,1082,69.0,156.5,,145.8,160.4,0.220
VOLKSWAGEN,Golf VI,1.4 (122 PS) TSI 7speed DSG,D7,1390,Petrol,7.7,5.0,6.0,36.7,56.5,47.1,138,1019,72.0,181.4,29.5,25.2,,
VOLKSWAGEN,Golf VI,1.4 (160 PS) TSI 7speed DSG GT,D7,1390,Petrol,7.5,5.2,6.0,37.7,54.3,47.1,139,1019,68.0,260.7,31.0,26.3,,
VOLKSWAGEN,Golf VI,1.4 (122 PS) TSI,M6,1390,Petrol,8.2,5.1,6.2,34.4,55.4,45.6,144,1053,72.0,285.6,28.2,23.9,,
VOLKSWAGEN,Golf VI,1.4 (160 PS) TSI GT,M6,1390,Petrol,8.1,5.2,6.3,34.9,54.3,44.8,145,1072,71.0,228.2,33.5,28.2,,
VOLKSWAGEN,Golf VI,1.4 (80 PS) SRE,M5,1390,Petrol,8.5,5.1,6.4,33.2,55.4,44.1,149,1089,73.0,107.9,52.6,47.0,,
VOLKSWAGEN,Golf VI,1.6 (102 PS) SRE 7speed DSG,D7,1595,Petrol,8.8,5.5,6.7,32.1,51.4,42.2,157,1138,70.0,351.5,35.4,24.4,,
VOLKSWAGEN,Golf VI,1.6 (102 PS) SRE,M5,1595,Petrol,9.7,5.6,7.1,29.1,50.4,39.8,166,1206,72.0,454.2,44.7,29.1,,
VOLKSWAGEN,Golf VI,2.0 (110 PS) TDI BlueMotion,M5,1968,Diesel,6.0,3.7,4.5,47.1,76.3,62.8,119,869,71.0,391.0,,115.6,185.5,0.700
VOLKSWAGEN,Golf VI,2.0 (110 PS) TDI,M5,1968,Diesel,6.4,4.0,4.9,44.1,70.6,57.6,128,947,71.0,245.4,,136.2,176.0,1.050
VOLKSWAGEN,Golf VI,2.0 (140 PS) TDI,M6,1968,Diesel,6.4,4.0,4.9,44.1,70.6,57.6,129,947,73.0,233.5,,153.1,191.4,0.500
VOLKSWAGEN,Golf VI,2.0 (140 PS) TDI DSG,D6,1968,Diesel,7.1,4.5,5.4,39.8,62.8,52.3,142,1043,69.0,165.6,,134.7,151.3,0.210
VOLKSWAGEN,New Golf,2.0 TSI (210PS),M6,1984,Petrol,10.0,5.8,7.3,28.2,48.7,38.7,170,1240,75.0,389.7,49.2,32.3,,
VOLKSWAGEN,New Golf,2.0 TSI (210PS) DSG,D6,1984,Petrol,10.0,5.9,7.4,28.2,47.9,38.2,173,1257,74.0,213.0,55.8,44.4,,
VOLKSWAGEN,Passat CC,2.0 CR TDI (140PS),M6,1968,Diesel,7.2,4.6,5.6,39.2,61.4,50.4,146,1082,70.0,304.9,,163.5,192.1,0.130
VOLKSWAGEN,Passat CC,2.0 CR TDI (140 PS) with DPF,M6,1968,Diesel,7.2,4.6,5.6,39.2,61.4,50.4,146,1082,70.0,304.9,,163.5,192.1,0.130
VOLKSWAGEN,Passat CC,2.0 CR TDI (170PS),M6,1968,Diesel,7.4,4.6,5.6,38.2,61.4,50.4,146,1082,73.0,225.3,,164.1,187.9,0.300
VOLKSWAGEN,Passat CC,2.0 CR TDI (140PS) DSG,D6,1968,Diesel,7.8,5.0,6.0,36.2,56.5,47.1,158,1158,68.0,189.4,,116.8,130.2,0.170
VOLKSWAGEN,Passat CC,2.0 CR TDI (140 PS) DSG with DPF ,D6,1968,Diesel,7.8,5.0,6.0,36.2,56.5,47.1,158,1158,68.0,189.4,,116.8,130.2,0.170
VOLKSWAGEN,Passat CC,2.0 CR TDI (170PS) DSG,D6,1968,Diesel,7.8,5.1,6.1,36.2,55.4,46.3,159,1178,69.0,118.1,,158.9,172.5,0.000
VOLKSWAGEN,Passat Estate,2.0 CR TDI (110 PS) BlueMotion,M6,1968,Diesel,6.3,4.1,4.9,44.8,68.9,57.6,129,947,71.0,236.4,,123.4,150.6,0.150
VOLKSWAGEN,Passat Estate,2.0 CR TDI (110 PS) with DPF,M6,1968,Diesel,7.1,4.7,5.6,39.8,60.1,50.4,146,1082,71.0,301.5,,138.2,171.7,0.310
VOLKSWAGEN,Passat Estate,2.0 CR TDI (140 PS) with DPF,M6,1968,Diesel,7.3,4.7,5.7,38.7,60.1,49.6,148,1100,70.0,304.9,,163.5,197.2,0.130
VOLKSWAGEN,Passat Estate,2.0 CR TDI (140 PS) DSG with DPF,D6,1968,Diesel,7.9,5.0,6.1,35.8,56.5,46.3,159,1178,68.0,189.4,,116.8,133.8,0.170
VOLKSWAGEN,Passat Estate,2.0 CR TDI (140 PS) 4MOTION,QM6,1968,Diesel,7.7,5.1,6.1,36.7,55.4,46.3,159,1178,71.0,402.5,,141.7,174.0,0.290
VOLKSWAGEN,Passat Estate,2.0 CR TDI (170 PS),M6,1968,Diesel,7.4,4.7,5.7,38.2,60.1,49.6,149,1100,73.0,225.3,,164.1,187.9,0.300
VOLKSWAGEN,Passat Estate,2.0 CR TDI (170 PS) DSG,D6,1968,Diesel,8.0,5.2,6.2,35.3,54.6,45.6,163,1196,69.0,118.1,,158.9,172.5,0.000
VOLKSWAGEN,Passat Saloon,2.0 CR TDI (110 PS) BlueMotion,M6,1968,Diesel,6.3,4.1,4.9,44.8,68.9,57.6,128,947,71.0,236.4,,123.4,150.6,0.150
VOLKSWAGEN,Passat Saloon,2.0 CR TDI (110 PS) with DPF,M6,1968,Diesel,7.0,4.5,5.5,40.4,62.8,51.4,143,1061,71.0,301.5,,138.2,171.7,0.310
VOLKSWAGEN,Passat Saloon,2.0 CR TDI (140 PS) with DPF,M6,1968,Diesel,7.2,4.6,5.6,39.2,61.4,50.4,146,1082,70.0,304.9,,163.5,197.2,0.130
VOLKSWAGEN,Passat Saloon,2.0 CR TDI (140 PS) DSG with DPF,D6,1968,Diesel,7.8,5.0,6.0,36.2,56.5,47.1,158,1158,68.0,189.4,,116.8,133.8,0.170
VOLKSWAGEN,Passat Saloon,2.0 CR TDI (140 PS) 4MOTION,QM6,1968,Diesel,7.9,4.9,6.0,35.8,57.6,47.1,158,1158,71.0,402.5,,141.7,174.0,0.290
VOLKSWAGEN,Passat Saloon,2.0 CR TDI (170 PS),M6,1968,Diesel,7.4,4.6,5.6,38.2,61.4,50.4,146,1082,73.0,225.3,,164.1,187.9,0.300
VOLKSWAGEN,Passat Saloon,2.0 CR TDI (170 PS) DSG,D6,1968,Diesel,7.8,5.1,6.1,36.2,55.4,46.3,159,1178,69.0,118.1,,158.9,172.5,0.000
VOLKSWAGEN,Scirocco,1.4 TSI (160 PS) 7speed DSG,D7,1390,Petrol,8.0,5.4,6.3,35.3,52.3,44.8,147,1072,71.0,245.0,35.0,30.0,,
VOLKSWAGEN,Scirocco,1.4 TSI (160 PS),M6,1390,Petrol,8.7,5.4,6.6,32.5,52.3,42.8,154,1122,74.0,354.0,43.6,37.3,,
VOLKSWAGEN,Scirocco,2.0 CR TDI (140 PS),M6,1968,Diesel,6.6,4.2,5.1,42.8,67.3,55.4,134,985,72.0,314.3,,149.1,185.5,0.280
VOLKSWAGEN,Scirocco,2.0 CR TDI (140 PS) DSG,D6,1968,Diesel,7.1,4.6,5.5,39.8,61.4,51.4,145,1061,73.0,175.0,,120.9,137.8,0.280
VOLKSWAGEN,Touran,1.4 TSI (140 PS),M6,1390,Petrol,9.0,6.1,7.2,31.4,46.3,39.2,166,1225,72.0,454.2,45.2,36.2,,
,,,,,,,,,,,,,,,,,,,
,,,,,,,,,,,,,,,,,,,
,,,,,,,,,,,,,,,,,,,
,,,,,,,,,,,,,,,,,,,
,,,,,,,,,,,,,,,,,,,
,,,,,,,,,,,,,,,,,,,
,,,,,,,,,,,,,,,,,,,
,,,,,,,,,,,,,,,,,,,
,,,,,,,,,,,,,,,,,,,
,,,,,,,,,,,,,,,,,,,
,,,,,,,,,,,,,,,,,,,
,,,,,,,,,,,,,,,,,,,
,,,,,,,,,,,,,,,,,,,
,,,,,,,,,,,,,,,,,,,
