Manufacturers,Model,Description,Transmission,Engine Capacity,Fuel Type,Metric Urban (cold),Metric Extra-urban,Metric Combined,Imperial (cold),Imperial Extra-urban,Imperial Combined,CO2 g/km,Fuel Cost 6000 Miles,Euro Standard,Noise Level dB(A),Emissions CO,Emissions HC+NOx,Emissions HC,Emissions NOx,Emissions Particulates
ALFA ROMEO,156 Saloon Range,1.6 Twin Spark 16v,M5,1598,Petrol,11.4,6.4,8.2,24.8,44.1,34.4,195,595,II,74.0,0.919,0.186,,,
ALFA ROMEO,156 Saloon Range,1.8 Twin Spark 16v,M5,1747,Petrol,11.4,6.4,8.2,24.8,44.1,34.4,195,595,II,74.0,1.069,0.299,,,
ALFA ROMEO,156 Saloon Range,2.0 Twin Spark 16v,M5,1970,Petrol,11.7,6.6,8.5,24.1,42.8,33.2,202,616,II,73.5,1.078,0.286,,,
ALFA ROMEO,156 Saloon Range,2.0 Selespeed,SAT5,1970,Petrol,11.7,6.6,8.5,24.1,42.8,33.2,202,616,II,73.5,1.078,0.286,,,
ALFA ROMEO,156 Saloon Range,2.5 V6,M6,2492,Petrol,16.5,8.4,11.4,17.1,33.6,24.8,271,825,II,74.0,1.200,0.301,,,
ALFA ROMEO,156 Saloon Range,2.5 V6 Q-System,A4,2492,Petrol,17.5,8.6,11.9,16.1,32.8,23.7,283,863,II,71.0,1.570,0.296,,,
ALFA ROMEO,156 Saloon Range,2.4 JTD,M5,2387,Diesel,8.9,5.4,6.7,31.7,52.3,42.2,178,504,II,74.0,0.666,0.573,,,0.062
ALFA ROMEO,156 Sportwagon Range,1.6 Twin Spark 16v,M5,1598,Petrol,11.5,6.5,8.3,24.6,43.5,34.0,198,602,II,74.0,1.097,0.329,,,
ALFA ROMEO,156 Sportwagon Range,1.8 Twin Spark 16v,M5,1747,Petrol,11.7,6.4,8.4,24.1,44.1,33.6,199,609,II,74.0,0.848,0.194,,,
ALFA ROMEO,156 Sportwagon Range,2.0 Twin Spark 16v,M5,1970,Petrol,12.2,6.8,8.8,23.2,41.5,32.1,209,637,II,73.5,1.444,0.412,,,
ALFA ROMEO,156 Sportwagon Range,2.0 Selespeed,SAT5,1970,Petrol,12.2,6.8,8.8,23.2,41.5,32.1,209,637,II,73.5,1.296,0.376,,,
ALFA ROMEO,156 Sportwagon Range,2.5 V6,M6,2492,Petrol,17.2,8.6,11.7,16.4,32.8,24.1,280,849,II,74.0,1.518,0.312,,,
ALFA ROMEO,156 Sportwagon Range,2.5 V6 Q-System,A4,2492,Petrol,17.7,8.7,12.0,16.0,32.5,23.5,287,871,II,71.0,1.267,0.349,,,
ALFA ROMEO,156 Sportwagon Range,2.4 JTD,M5,2387,Diesel,9.0,5.6,6.8,31.4,50.4,41.5,180,513,II,74.0,0.894,0.648,,,0.056
ALFA ROMEO,166 Range,2.0 Twin Spark 16v,M5,1970,Petrol,13.8,7.3,9.7,20.5,38.7,29.1,230,703,II,73.5,1.171,0.288,,,
ALFA ROMEO,166 Range,2.5 V6 24v,M5,2492,Petrol,16.3,8.6,11.4,17.3,32.8,24.8,271,825,II,73.0,1.170,0.293,,,
ALFA ROMEO,166 Range,2.5 V6 24v Sportronic,A4,2492,Petrol,17.5,9.1,12.2,16.1,31.0,23.2,289,882,II,72.0,1.177,0.271,,,
ALFA ROMEO,166 Range,3.0 V6 24v Super,M6,2959,Petrol,18.3,9.1,12.5,15.4,31.0,22.6,296,905,II,74.0,1.214,0.288,,,
ALFA ROMEO,166 Range,3.0 V6 24v Sportronic,A4,2959,Petrol,19.4,9.3,13.0,14.6,30.4,21.7,308,943,II,72.0,1.220,0.268,,,
CHEVROLET,Camaro STS Model Year 2000,3.8L V6 A pack Coupé/ Convertible,A4,3800,Petrol,16.5,8.8,11.7,17.1,32.0,24.1,275,849,II,74.0,1.423,0.216,,,
CHEVROLET,Camaro STS Model Year 2000,3.8L V6 B pack Coupé/ Convertible,A4,3800,Petrol,17.2,9.6,12.4,16.4,29.4,22.7,294,901,II,74.0,0.540,0.292,,,
CHEVROLET,Camaro STS Model Year 2000,5.7 V8 C pack,A4,5700,Petrol,19.8,9.8,13.5,14.2,28.8,20.9,320,979,II,75.0,0.578,0.305,,,
CHEVROLET,Camaro STS Model Year 2000,5.7 V8 D pack,A4,5700,Petrol,17.1,9.6,12.4,16.5,29.4,22.7,294,901,II,72.0,0.620,0.256,,,
CHRYSLER JEEP,Jeep Cherokee (00 Model Year),2.5L Turbo Diesel,M5,2499,Diesel,11.7,7.3,9.0,24.1,38.7,31.4,255,678,II,75.0,0.550,0.650,,,0.063
CHRYSLER JEEP,Jeep Cherokee (00 Model Year),2.5L,M5,2464,Petrol,15.7,9.4,11.7,18.0,30.1,24.1,279,849,II,75.0,1.310,0.190,,,
CHRYSLER JEEP,Chrysler Viper (99 Model Year),8.0L V10 GTS Coupé & RT/10 Roadster,M6,7990,Petrol,33.1,12.7,20.2,8.5,22.2,14.0,483,1461,II,74.6,0.960,0.180,,,
CITROEN,Saxo,Saxo 1.0i,M5,954,Petrol,8.3,5.1,6.2,34.0,55.4,45.6,149,449,II,72.4,0.696,0.350,,,
CITROEN,Saxo,Saxo 1.1i,M5,1124,Petrol,8.6,5.3,6.5,32.8,53.3,43.5,155,470,II,73.1,0.391,0.168,,,
CITROEN,Saxo,Saxo 1.4i,M5,1360,Petrol,8.8,5.2,6.5,32.1,54.3,43.5,160,470,II,73.4,1.019,0.287,,,
CITROEN,Saxo,Saxo 1.4i,A3,1360,Petrol,10.5,6.4,7.9,26.9,44.1,35.8,195,571,II,71.3,1.026,0.346,,,
CITROEN,Saxo,Saxo 1.6i VTR,M5,1587,Petrol,9.9,5.8,7.3,28.5,48.7,38.7,178,529,II,72.3,0.590,0.208,,,
CITROEN,Saxo,Saxo 1.6i VTS 16v,M5,1587,Petrol,11.4,6.3,8.1,24.8,44.8,34.9,194,586,II,73.4,1.224,0.389,,,
CITROEN,Saxo,Saxo 1.5D,M5,1527,Diesel,6.9,4.3,5.3,40.9,65.7,53.3,139,399,II,73.5,0.397,0.570,,,0.048
CITROEN,Berlingo Multispace,Berlingo Multispace 1.4i,M5,1360,Petrol,9.5,5.9,7.2,29.7,47.9,39.2,178,522,II,74.0,0.707,0.434,,,
CITROEN,Berlingo Multispace,Berlingo Multispace 1.8i,M5,1761,Petrol,11.9,7.1,8.9,23.7,39.8,31.7,210,645,II,71.4,1.010,0.128,,,
CITROEN,Berlingo Multispace,Berlingo Multispace 1.9D,M5,1868,Diesel,8.6,5.4,6.6,32.8,52.3,42.8,178,497,II,73.4,0.179,0.551,,,0.029
CITROEN,Xsara,Xsara 1.4i,M5,1360,Petrol,9.1,5.6,6.9,31.0,50.4,40.9,170,500,II,71.5,0.684,0.346,,,
CITROEN,Xsara,Xsara 1.4i Estate,M5,1360,Petrol,9.1,5.6,6.9,31.0,50.4,40.9,170,500,II,71.5,0.684,0.346,,,
CITROEN,Xsara,Xsara 1.6i,M5,1587,Petrol,9.9,5.8,7.3,28.5,48.7,38.7,177,529,II,73.9,0.706,0.145,,,
CITROEN,Xsara,Xsara 1.6i Estate,M5,1587,Petrol,9.9,5.8,7.3,28.5,48.7,38.7,177,529,II,73.9,0.706,0.145,,,
CITROEN,Xsara,Xsara 1.6i VTR,M5,1587,Petrol,9.9,5.8,7.3,28.5,48.7,38.7,177,529,II,73.9,0.706,0.145,,,
CITROEN,Xsara,Xsara 1.6i,A4,1587,Petrol,10.8,6.0,7.8,26.2,47.1,36.2,185,565,II,73.8,1.703,0.344,,,
CITROEN,Xsara,Xsara 1.6i Estate,A4,1587,Petrol,10.8,6.0,7.8,26.2,47.1,36.2,185,565,II,73.8,1.703,0.344,,,
CITROEN,Xsara,Xsara 1.8i 16v,M5,1761,Petrol,12.0,6.3,8.3,23.5,44.8,34.0,198,602,II,71.1,0.482,0.142,,,
CITROEN,Xsara,Xsara 1.8i 16v Estate,M5,1761,Petrol,12.1,6.4,8.4,23.3,44.1,33.6,198,609,II,71.1,0.482,0.142,,,
CITROEN,Xsara,Xsara 1.8i 16v VTR,M5,1761,Petrol,12.1,6.5,8.5,23.3,43.5,33.2,198,616,II,71.1,0.482,0.142,,,
CITROEN,Xsara,Xsara 2.0i 16v VTS,M5,1998,Petrol,13.6,7.1,9.4,20.8,39.8,30.1,224,680,II,73.7,0.708,0.281,,,
CITROEN,Xsara,Xsara 1.9D,M5,1868,Diesel,8.3,5.0,6.2,34.0,56.5,45.6,164,467,II,73.2,0.251,0.572,,,0.044
CITROEN,Xsara,Xsara 1.9D Estate,M5,1868,Diesel,8.3,5.0,6.2,34.0,56.5,45.6,164,467,II,73.2,0.251,0.572,,,0.044
CITROEN,Xsara,Xsara 2.0 HDi 90 hp Estate,M5,1997,Diesel,6.9,4.3,5.2,40.9,65.7,54.3,141,392,II,71.3,0.584,0.488,,,0.053
CITROEN,Xsara,Xsara 2.0 HDi 90 hp,M5,1997,Diesel,6.9,4.3,5.2,40.9,65.7,54.3,141,392,II,71.3,0.584,0.488,,,0.053
CITROEN,Xsara Picasso,Picasso 1.6i (VIN Code CHNFZA),M5,1587,Petrol,10.2,6.2,7.7,27.7,45.6,36.7,187,557,II,73.0,1.117,0.402,,,
CITROEN,Xsara Picasso,Picasso 1.8i 16v,M5,1749,Petrol,10.8,5.9,7.7,26.2,47.9,36.7,187,557,II,74.0,0.173,0.182,,,
CITROEN,Xsara Picasso,Picasso 2.0 HDi ( VIN Code CHRHYA),M5,1997,Diesel,7.0,4.6,5.5,40.4,61.4,51.4,147,414,II,72.0,0.339,0.580,,,0.032
CITROEN,Synergie,Synergie 2.0i,M5,1998,Petrol,13.8,8.1,10.2,20.5,34.9,27.7,252,739,II,73.6,0.833,0.443,,,
CITROEN,Synergie,Synergie Turbo D,M5,1905,Diesel,10.6,6.7,8.1,26.6,42.2,34.9,215,610,II,73.3,0.567,0.600,,,0.057
CITROEN,Synergie,Synergie 2.0 HDi 110 hp,M5,1997,Diesel,8.4,5.6,6.7,33.6,50.4,42.2,182,504,II,72.2,0.174,0.772,,,0.059
DAEWOO CARS,Matiz,SE (SOHC),M5,796,Petrol,8.4,5.2,6.4,33.6,54.3,44.1,161,464,II,73.7,0.780,0.320,,,
DAEWOO CARS,Matiz,SE+ (SOHC),M5,796,Petrol,8.4,5.2,6.4,33.6,54.3,44.1,161,464,II,73.7,0.780,0.320,,,
DAEWOO CARS,Lanos,1.4 S (SOHC),M5,1349,Petrol,11.4,5.9,7.9,24.8,47.9,35.8,214,571,II,72.3,0.380,0.320,,,
DAEWOO CARS,Lanos,1.4 SE (SOHC),M5,1349,Petrol,11.4,5.9,7.9,24.8,47.9,35.8,214,571,II,72.3,0.380,0.320,,,
DAEWOO CARS,Lanos,1.6 SX (DOHC),M5,1598,Petrol,12.0,6.2,8.2,23.5,45.6,34.4,206,595,II,72.9,0.400,0.290,,,
DAEWOO CARS,Lanos,1.6 SX (DOHC),A4,1598,Petrol,12.5,6.4,8.9,22.6,44.1,31.7,249,645,II,70.0,0.170,0.410,,,
DAEWOO CARS,Nubira,1.6 SE (DOHC),M5,1598,Petrol,10.7,6.1,7.8,26.4,46.3,36.2,206,565,II,72.7,0.720,0.310,,,
DAEWOO CARS,Nubira,2.0 CDX (DOHC),M5,1998,Petrol,12.2,6.4,8.6,23.2,44.1,32.8,235,624,II,73.3,0.980,0.220,,,
DAEWOO CARS,Nubira,2.0 CDX (DOHC),A4,1998,Petrol,13.6,6.8,9.3,20.8,41.5,30.4,250,673,II,71.8,1.180,0.250,,,
DAEWOO CARS,Nubira,1.6 SE Estate (DOHC),M5,1598,Petrol,10.5,6.2,7.8,26.9,45.6,36.2,206,565,II,72.7,0.700,0.280,,,
DAEWOO CARS,Nubira,2.0 CDX  Estate (DOHC),M5,1998,Petrol,12.3,6.7,8.7,23.0,42.2,32.5,235,629,II,73.3,1.130,0.250,,,
DAEWOO CARS,Nubira,2.0 CDX Estate (DOHC),A4,1998,Petrol,14.6,7.0,9.8,19.3,40.4,28.8,258,710,II,71.8,1.200,0.230,,,
DAEWOO CARS,Leganza,2.0 SX (DOHC),M5,1998,Petrol,13.0,7.1,9.2,21.7,39.8,30.7,237,666,II,72.4,1.010,0.260,,,
DAEWOO CARS,Leganza,2.0 SX (DOHC),A4,1998,Petrol,15.8,7.5,10.5,17.9,37.7,26.9,282,760,II,71.9,1.150,0.310,,,
DAEWOO CARS,Leganza,2.0 CDX (DOHC),M5,1998,Petrol,13.0,7.1,9.2,21.7,39.8,30.7,237,666,II,72.4,1.010,0.260,,,
DAEWOO CARS,Leganza,2.0 CDX (DOHC),A4,1998,Petrol,15.8,7.5,10.5,17.9,37.7,26.9,282,760,II,71.9,1.150,0.310,,,
DAEWOO CARS,Korando,2.3 P,M5,2295,Petrol,13.8,8.2,10.2,20.5,34.4,27.7,271,739,II,73.7,0.540,0.130,,,
DAEWOO CARS,Korando,2.3P,A4,2295,Petrol,14.8,9.9,11.6,19.1,28.5,24.3,309,842,II,72.0,0.630,0.180,,,
DAEWOO CARS,Korando,2.9 TD,M5,2874,Diesel,12.8,8.0,9.8,22.1,35.3,28.8,258,739,II,74.3,0.800,0.660,,,0.130
DAEWOO CARS,Musso,2.3 P,M5,2295,Petrol,16.2,9.7,12.1,17.4,29.1,23.3,282,878,II,74.0,0.650,0.206,,,
DAEWOO CARS,Musso,2.3 P (BTRA T/M),A4,2295,Petrol,17.4,11.3,13.5,16.2,25.0,20.9,313,979,II,73.4,0.780,0.310,,,
DAEWOO CARS,Musso,2.3 P (Benz T/M),A4,2295,Petrol,16.6,10.8,12.9,17.0,26.1,21.9,303,934,II,71.4,0.778,0.310,,,
DAEWOO CARS,Musso,2.9 TD,M5,2874,Diesel,12.0,7.6,9.2,23.5,37.2,30.7,245,693,II,75.0,0.570,0.880,,,0.140
DAEWOO CARS,Musso,2.9 TD,A4,2874,Diesel,14.2,9.1,11.0,19.9,31.0,25.7,290,828,II,74.0,0.678,0.950,,,0.142
DAIHATSU,Charade,"Charade G200 Hatchback, 1.3L EFi",A4,1296,Petrol,10.2,5.9,7.5,27.7,47.9,37.7,180,543,II,69.0,1.188,0.253,,,
DAIHATSU,Charade,"Charade G200 Hatchback, 1.3L EFi",M5,1296,Petrol,8.9,5.6,6.8,31.7,50.4,41.5,164,493,II,71.0,1.097,0.242,,,
DAIHATSU,Four Wheel Drive,Fourtrak LWB 2.8L Diesel Turbo,M5,2765,Diesel,10.8,8.3,9.2,26.2,34.0,30.7,244,693,II,70.0,0.640,0.985,,,0.122
DAIHATSU,Grand Move,Grand Move G301 1.6L EFi,M5,1590,Petrol,10.2,6.2,7.6,27.7,45.6,37.2,181,550,II,71.6,0.961,0.234,,,
DAIHATSU,Grand Move,Grand Move G301 1.6L EFi,A4,1590,Petrol,11.2,6.5,8.2,25.2,43.4,34.4,195,595,II,71.2,0.736,0.224,,,
DAIHATSU,Cuore,Cuore L701 1.0L EFi,M5,989,Petrol,6.5,4.6,5.3,43.5,61.4,53.3,127,384,II,70.1,0.461,0.072,,,
DAIHATSU,Cuore,Cuore L701 1.0L EFi,A3,989,Petrol,7.9,5.9,6.6,35.7,47.9,42.8,157,478,II,70.3,0.696,0.131,,,
DAIHATSU,Sirion,Sirion M100 1.0L EFi,M5,989,Petrol,6.6,4.8,5.5,42.8,58.8,51.4,132,398,II,70.9,0.269,0.045,,,
DAIHATSU,Sirion,Sirion M100 1.0L EFi,A4,989,Petrol,7.8,5.5,6.3,36.2,51.4,44.8,151,457,II,68.6,0.697,0.103,,,
DAIHATSU,Terios,Terios J100 1.3L EFi,M5,1296,Petrol,11.1,7.3,8.7,25.4,38.7,32.5,205,629,II,71.8,1.237,0.241,,,
DAIHATSU,Terios,Terios J100 1.3L EFi,A4,1296,Petrol,11.6,8.1,9.4,24.3,34.9,30.0,222,682,II,68.5,0.986,0.176,,,
FIAT,Seicento Range,S/SX,M5,899,Petrol,7.9,5.1,6.1,35.8,55.4,46.3,145,442,II,74.0,0.658,0.220,,,
FIAT,Seicento Range,Sporting,M5,1108,Petrol,8.5,4.9,6.2,33.2,57.6,45.6,148,449,II,73.0,0.814,0.209,,,
FIAT,Seicento Range,Sporting Abarth,M5,1108,Petrol,8.7,5.0,6.4,32.5,56.5,44.1,151,464,II,74.0,1.457,0.275,,,
FIAT, Punto Range,1.2,M5,1242,Petrol,7.3,4.8,5.7,38.7,58.9,49.6,136,412,II,71.5,0.152,0.142,,,
FIAT, Punto Range,1.2 16v,M5,1242,Petrol,7.6,5.0,6.0,37.2,56.5,47.1,142,434,II,72.5,0.316,0.074,,,
FIAT, Punto Range,Sporting,M6,1242,Petrol,7.6,5.0,6.0,37.2,56.5,47.1,142,434,II,72.0,0.457,0.119,,,
FIAT, Punto Range,Sporting Speedgear,CVT,1242,Petrol,8.7,5.6,6.7,32.5,50.4,42.2,159,485,II,72.0,0.329,0.103,,,
FIAT, Punto Range,HGT,M5,1747,Petrol,11.5,6.4,8.3,24.6,44.1,34.0,197,602,II,72.0,0.892,0.329,,,
FIAT, Punto Range,D,M5,1910,Diesel,7.2,4.8,5.7,39.2,58.9,49.6,150,429,II,72.5,0.175,0.447,,,0.028
FIAT, Punto Range,JTD,M5,1910,Diesel,6.6,4.0,4.9,42.8,70.6,57.6,130,369,II,72.0,0.347,0.583,,,0.071
FIAT,Bravo Range,80 16v,M5,1242,Petrol,9.4,5.3,6.8,30.1,53.3,41.5,162,493,II,71.5,0.629,0.210,,,
FIAT,Bravo Range,100 16v,M5,1581,Petrol,10.6,6.0,7.7,26.6,47.1,36.7,183,557,II,72.0,0.306,0.248,,,
FIAT,Bravo Range,115 16v,M5,1747,Petrol,11.3,6.5,8.3,25.0,43.5,34.0,197,602,II,73.5,0.613,0.338,,,
FIAT,Bravo Range,155 20v,M5,1998,Petrol,13.1,7.2,9.4,21.6,39.2,30.1,222,680,II,74.0,0.664,0.283,,,
FIAT,Bravo Range,TD 75,M5,1910,Diesel,8.5,5.1,6.3,33.2,55.4,44.8,168,475,II,72.5,0.407,0.658,,,0.069
FIAT,Bravo Range,JTD 105,M5,1910,Diesel,7.2,4.4,5.4,39.2,64.2,52.3,143,407,II,73.0,0.692,0.555,,,0.063
FIAT,Brava Range,80 16v,M5,1242,Petrol,9.5,5.4,6.9,29.7,52.3,40.9,164,500,II,71.5,0.629,0.210,,,
FIAT,Brava Range,100 16v,M5,1581,Petrol,10.8,6.1,7.8,26.2,46.3,36.2,186,565,II,72.0,0.306,0.248,,,
FIAT,Brava Range,100 16v,A4,1581,Petrol,12.8,7.1,9.2,22.1,39.8,30.7,218,666,II,72.0,1.281,0.116,,,
FIAT,Brava Range,115 16v,M5,1747,Petrol,11.5,6.6,8.4,24.6,42.8,33.6,199,609,II,73.5,0.613,0.338,,,
FIAT,Brava Range,TD 75,M5,1910,Diesel,8.6,5.2,6.4,32.8,54.3,44.1,171,482,II,72.5,0.407,0.658,,,0.069
FIAT,Brava Range,JTD 105,M5,1910,Diesel,7.3,4.5,5.5,38.7,62.8,51.4,146,414,II,73.0,0.692,0.555,,,0.063
FIAT,Multipla,100 16v,M5,1581,Petrol,11.1,7.2,8.6,25.4,39.2,32.8,205,624,II,73.5,0.494,0.329,,,
FIAT,Multipla,JTD 105,M5,1910,Diesel,8.0,5.5,6.4,35.3,51.4,44.1,170,482,II,75.0,0.496,0.554,,,0.060
FIAT,Ulysse Range,2.0 JTD,M5,1997,Diesel,8.4,5.6,6.7,33.6,50.4,42.2,182,504,II,72.2,0.174,0.772,,,0.054
FIAT,Scudo Combi,Scudo Combi 2.0 JTD,M5,1997,Diesel,7.9,5.4,6.4,35.8,52.3,44.1,171,482,II,74.7,0.246,0.723,,,0.048
FORD,Ka,1.3 EFi (13 inch tyre),M5,1299,Petrol,8.8,5.5,6.7,32.1,51.4,42.2,163,485,II,72.0,0.679,0.162,,,
FORD,Ka,1.3 EFi (14 inch tyre),M5,1299,Petrol,8.9,5.6,6.8,31.7,50.4,41.5,165,493,II,72.0,0.679,0.162,,,
FORD,Fiesta,1.3 EFi (non-PAS),M5,1299,Petrol,8.7,5.9,6.9,32.5,47.9,40.9,161,500,II,72.0,0.563,0.187,,,
FORD,Fiesta,1.3 EFi (13 inch tyre),M5,1299,Petrol,9.0,6.0,7.1,31.4,47.1,39.8,166,514,II,72.0,0.563,0.187,,,
FORD,Fiesta,1.3 EFi (14 inch tyre),M5,1299,Petrol,9.2,6.2,7.3,30.7,45.6,38.7,171,529,II,72.0,0.563,0.187,,,
FORD,Fiesta,1.25i 16V (13 inch tyre),M5,1242,Petrol,8.7,5.8,6.9,32.5,48.7,40.9,161,500,II,73.0,0.538,0.101,,,
FORD,Fiesta,1.25i 16V (14 inch tyre),M5,1242,Petrol,8.8,5.7,6.9,32.1,49.6,40.9,161,500,II,73.0,0.538,0.101,,,
FORD,Fiesta,1.25i 16V (13 inch tyre),A,1242,Petrol,9.3,5.8,7.1,30.4,48.7,39.8,167,514,II,71.0,1.073,0.144,,,
FORD,Fiesta,1.25i 16V (14 inch tyre),A,1242,Petrol,9.4,6.0,7.3,30.1,47.1,38.7,171,529,II,71.0,1.073,0.144,,,
FORD,Fiesta,1.4i 16V,M5,1388,Petrol,9.3,6.0,7.2,30.4,47.1,39.2,169,522,II,73.0,0.745,0.097
FORD,Fiesta,1.6i 16V,M5,1596,Petrol,9.5,6.0,7.3,29.7,47.1,38.7,171,529,II,71.0,0.526,0.124
FORD,Puma,1.4i 16V,M5,1388,Petrol,9.5,5.9,7.2,29.7,47.9,39.2,171,522,II,68.0,0.554,0.084
FORD,Puma,1.7i 16V,M5,1679,Petrol,9.7,6.1,7.4,29.1,46.3,38.2,178,536,II,74.0,0.533,0.097
FORD,Focus,1.4i 16V 3/5 Door Saloon (14 inch tyre),M5,1388,Petrol,8.5,5.2,6.4,33.2,54.3,44.1,153,464,II,71.0,0.275,0.097
FORD,Focus,1.4i 16V 3 Door Saloon (15 inch tyre),M5,1388,Petrol,8.9,5.6,6.8,31.7,50.4,41.5,162,493,II,71.0,0.275,0.097
FORD,Focus,1.6i 16V 4/5 Door Saloon/Estate (14 inch tyre),M5,1596,Petrol,9.4,5.6,7.0,30.1,50.4,40.4,167,506,II,69.0,0.374,0.140
FORD,Focus,1.6i 16V 3/4/5 Door Saloon/Estate (15 inch tyre),M5,1596,Petrol,9.4,5.7,7.1,30.1,49.6,39.8,169,514,II,69.0,0.374,0.140
FORD,Focus,1.6i 16V 4 Door Saloon (14 inch tyre),A4,1596,Petrol,10.9,6.0,7.8,25.9,47.1,36.2,186,565,II,70.0,0.474,0.175
FORD,Focus,1.6i 16V 5 Door Saloon (14 inch tyre),A4,1596,Petrol,10.9,6.1,7.8,25.9,46.3,36.2,188,565,II,70.0,0.474,0.175
FORD,Focus,1.6i 16V Estate (14 inch tyre),A4,1596,Petrol,11.1,6.2,8.0,25.4,45.6,35.3,191,580,II,70.0,0.474,0.175
FORD,Focus,1.6i 16V 3/4/5 Door Saloon (15 inch tyre),A4,1596,Petrol,11.2,6.2,8.0,25.2,45.6,35.3,192,580,II,70.0,0.474,0.175
FORD,Focus,1.6i 16V Estate (15 inch tyre),A4,1596,Petrol,11.2,6.4,8.1,25.2,44.1,34.9,195,586,II,70.0,0.474,0.175
FORD,Focus,1.8i 16V 5 Door Saloon (14 inch tyre),M5,1796,Petrol,10.3,6.0,7.6,27.4,47.1,37.2,181,550,II,71.0,0.230,0.126
FORD,Focus,1.8i 16V 4 Door Saloon (14 inch tyre),M5,1796,Petrol,10.3,5.9,7.5,27.4,47.9,37.7,179,543,II,71.0,0.230,0.126
FORD,Focus,1.8i 16V Estate (14 inch tyre),M5,1796,Petrol,10.4,6.0,7.6,27.2,47.1,37.2,181,550,II,71.0,0.230,0.126
FORD,Focus,1.8i 16V 4 Door Saloon (15 inch tyre),M5,1796,Petrol,10.2,6.0,7.5,27.7,47.1,37.7,179,543,II,71.0,0.230,0.126,,,
FORD,Focus,1.8i 16V 3/5 Door Saloon (15 inch tyre),M5,1796,Petrol,10.2,6.0,7.7,27.7,47.1,37.2,181,550,II,71.0,0.230,0.126,,,
FORD,Focus,1.8i 16V Estate (15 inch tyre),M5,1796,Petrol,10.4,6.1,7.7,27.2,46.3,36.7,184,557,II,71.0,0.230,0.126,,,
FORD,Focus,2.0i 16V 5 Door Saloon (15 inch tyre),M5,1988,Petrol,11.6,6.9,8.7,24.4,40.9,32.5,207,629,II,74.0,0.491,0.126,,,
FORD,Focus,2.0i 16V 4 Door Saloon/Estate (15 inch tyre),M5,1988,Petrol,11.6,6.9,8.6,24.4,40.9,32.8,205,624,II,74.0,0.491,0.126,,,
FORD,Focus,2.0i 16V 3 Door Saloon (16 inch tyre),M5,1988,Petrol,11.6,7.1,8.7,24.4,39.8,32.5,207,629,II,74.0,0.491,0.126,,,
FORD,Focus,2.0i 16V 5 Door Saloon/Estate (16 inch tyre),M5,1988,Petrol,11.8,7.2,8.9,23.7,39.2,31.7,212,645,II,74.0,0.491,0.126,,,
FORD,Focus,1.8 TCi Diesel 4 Door Saloon (14 inch tyre),M5,1753,Diesel,7.1,4.2,5.4,39.8,67.3,52.3,142,407,II,71.0,0.526,0.727,,,0.036
FORD,Focus,1.8 TCi Diesel 5 Door Saloon/Estate (14 inch tyre),M5,1753,Diesel,7.2,4.4,5.4,39.2,64.2,52.3,143,407,II,71.0,0.526,0.727,,,0.036
FORD,Focus,1.8 TCi Diesel 4 Door Saloon (15 inch tyre),M5,1753,Diesel,7.2,4.4,5.4,39.2,64.2,52.3,144,407,II,71.0,0.526,0.727,,,0.036
FORD,Focus,1.8 TCi Diesel 5 Door Saloon/Estate (15 inch tyre),M5,1753,Diesel,7.2,4.5,5.5,39.2,62.8,51.4,145,414,II,71.0,0.526,0.727,,,0.036
FORD,Escort,1.6i 16V Saloon Flight,M5,1597,Petrol,10.7,6.4,8.0,26.4,44.1,35.3,188,580,II,74.0,0.733,0.316,,,
FORD,Escort,1.6i 16V Saloon Finesse,M5,1597,Petrol,11.0,6.7,8.3,25.7,42.2,34.0,195,602,II,74.0,0.733,0.316,,,
FORD,Escort,1.6i 16V Estate Flight,M5,1597,Petrol,10.9,6.6,8.2,25.9,42.8,34.4,193,595,II,74.0,0.733,0.316,,,
FORD,Escort,1.6i 16V Estate Finesse,M5,1597,Petrol,11.0,6.7,8.3,25.7,42.2,34.0,195,602,II,74.0,0.733,0.316,,,
FORD,Escort,1.8 TCi Diesel Saloon Flight,M5,1753,Diesel,8.8,5.5,6.7,32.1,51.4,42.2,182,504,II,74.0,0.365,0.577,,,0.029
FORD,Escort,1.8 TCi Diesel Saloon Finesse,M5,1753,Diesel,8.8,5.6,6.8,32.1,50.4,41.5,185,513,II,74.0,0.365,0.577,,,0.029
FORD,Escort,1.8 TCi Diesel Estate Flight,M5,1753,Diesel,8.7,5.4,6.7,32.5,52.3,42.2,182,504,II,74.0,0.365,0.577,,,0.029
FORD,Escort,1.8 TCi Diesel Estate Finesse,M5,1753,Diesel,9.0,5.7,7.0,31.4,49.6,40.4,187,527,II,74.0,0.365,0.577,,,0.029
FORD,Mondeo,1.6i 16V 4 Door Saloon,M5,1597,Petrol,11.0,5.6,7.6,25.7,50.4,37.2,182,550,II,72.0,0.416,0.151,,,
FORD,Mondeo,1.6i 16V 5 Door Saloon,M5,1597,Petrol,11.2,5.7,7.8,25.2,49.6,36.2,186,565,II,72.0,0.416,0.151,,,
FORD,Mondeo,1.8i 16V 4 Door Saloon,M5,1796,Petrol,11.3,5.6,7.7,25.0,50.4,36.7,185,557,II,74.0,0.158,0.108,,,
FORD,Mondeo,1.8i 16V 5 Door Saloon,M5,1796,Petrol,11.4,5.7,7.8,24.8,49.6,36.2,187,565,II,74.0,0.158,0.108,,,
FORD,Mondeo,1.8i 16V Estate,M5,1796,Petrol,11.5,6.0,8.0,24.6,47.1,35.3,192,580,II,74.0,0.158,0.108,,,
FORD,Mondeo,2.0i 16V 4 Door Saloon (15 inch tyre),M5,1988,Petrol,11.7,5.9,8.0,24.1,47.9,35.3,192,580,II,74.0,1.182,0.338,,,
FORD,Mondeo,2.0i 16V 4 Door Saloon (16 inch tyre),M5,1988,Petrol,12.2,6.4,8.6,23.2,44.1,32.8,205,624,II,74.0,1.182,0.338,,,
FORD,Mondeo,2.0i 16V 5 Door Saloon  (15 inch tyre),M5,1988,Petrol,11.9,6.0,8.1,23.7,47.1,34.9,195,586,II,74.0,1.182,0.338,,,
FORD,Mondeo,2.0i 16V 5 Door Saloon (16 inch tyre),M5,1988,Petrol,12.4,6.6,8.7,22.8,42.8,32.5,208,629,II,74.0,1.182,0.338,,,
FORD,Mondeo,2.0i 16V Estate (15 inch tyre),M5,1988,Petrol,12.0,6.2,8.3,23.5,45.6,34.0,199,602,II,74.0,1.182,0.338,,,
FORD,Mondeo,2.0i 16V Estate (16 inch tyre),M5,1988,Petrol,12.4,6.8,8.9,22.8,41.5,31.7,212,645,II,74.0,1.182,0.338,,,
FORD,Mondeo,2.0i 16V 4/5 Door Saloon (15 inch tyre),A4,1988,Petrol,12.9,6.6,8.9,21.9,42.8,31.7,210,645,II,74.0,0.414,0.184,,,
FORD,Mondeo,2.0i 16V 4/5 Door Saloon (16 inch tyre),A4,1988,Petrol,13.5,7.3,9.6,20.9,38.7,29.4,229,696,II,74.0,0.414,0.184,,,
FORD,Mondeo,2.0i 16V Estate (15 inch tyre),A4,1988,Petrol,13.2,6.9,9.2,21.4,40.9,30.7,218,666,II,74.0,0.414,0.184,,,
FORD,Mondeo,2.0i 16V Estate (16 inch tyre),A4,1988,Petrol,14.2,7.8,10.2,19.9,36.2,27.7,241,739,II,74.0,0.414,0.184,,,
FORD,Mondeo,2.5i V6 24V Saloon,M5,2495,Petrol,13.5,7.2,9.5,20.9,39.2,29.7,228,689,II,73.0,0.193,0.046,,,
FORD,Mondeo,2.5i V6 24V Estate,M5,2495,Petrol,13.5,7.4,9.7,20.9,38.2,29.1,232,703,II,73.0,0.193,0.046,,,
FORD,Mondeo,2.5i V6 24V Saloon,A4,2495,Petrol,14.6,7.6,10.1,19.3,37.2,28.0,243,731,II,73.0,0.055,0.037,,,
FORD,Mondeo,2.5i V6 24V Estate,A4,2495,Petrol,14.9,8.0,10.5,19.0,35.3,26.9,251,760,II,73.0,0.055,0.037,,,
FORD,Mondeo,2.5i V6 24V ST200 Saloon,M5,2495,Petrol,14.5,7.1,10.1,19.5,39.8,28.0,242,731,II,71.0,0.171,0.078,,,
FORD,Mondeo,2.5i V6 24V ST200 Estate,M5,2495,Petrol,14.7,7.9,10.4,19.2,35.8,27.2,249,752,II,71.0,0.171,0.078,,,
FORD,Mondeo,1.8 Turbo Diesel Saloon (15 inch tyre),M5,1753,Diesel,8.6,4.7,6.1,32.8,60.1,46.3,166,460,II,74.0,0.244,0.528,,,0.049
FORD,Mondeo,1.8 Turbo Diesel Saloon (16 inch tyre),M5,1753,Diesel,9.1,5.2,6.6,31.0,54.3,42.8,179,497,II,74.0,0.244,0.528,,,0.049
FORD,Mondeo,1.8 Turbo Diesel Estate (15 inch tyre),M5,1753,Diesel,8.9,5.0,6.4,31.7,56.5,44.1,173,482,II,74.0,0.244,0.528,,,0.049
FORD,Mondeo,1.8 Turbo Diesel Estate (16 inch tyre),M5,1753,Diesel,9.4,5.6,7.0,30.1,50.4,40.4,188,527,II,74.0,0.244,0.528,,,0.049
FORD,Cougar,2.0i 16V (15 inch tyre),M5,1988,Petrol,12.2,6.5,8.6,23.2,43.5,32.8,205,624,II,71.0,1.182,0.338,,,
FORD,Cougar,2.0i 16V (16 inch tyre),M5,1988,Petrol,12.1,6.4,8.5,23.3,44.1,33.2,202,616,II,71.0,1.182,0.338,,,
FORD,Cougar,2.5i V6 24V,M5,2495,Petrol,13.4,7.3,9.5,21.1,38.7,27.7,228,739,II,72.0,0.306,0.047,,,
FORD,Cougar,2.5i V6 24V,A4,2495,Petrol,14.8,7.3,10.0,19.1,38.7,28.2,240,725,II,73.0,0.055,0.037,,,
FORD,Galaxy,2.3i 16V,M5,2295,Petrol,13.9,7.7,10.0,20.3,36.7,28.2,240,725,II,73.0,0.964,0.249,,,
FORD,Galaxy,2.3i 16V,A4,2295,Petrol,14.9,8.5,10.8,19.0,33.2,26.2,260,781,II,72.0,1.169,0.414,,,
FORD,Galaxy,2.8i CD-V6,M5,2792,Petrol,16.5,8.8,11.6,17.1,32.1,24.4,278,838,II,74.0,0.083,0.079,,,
FORD,Galaxy,2.8i CD-V6,A4,2792,Petrol,17.2,9.3,12.3,16.4,30.4,23.0,295,889,II,73.0,0.325,0.098,,,
FORD,Galaxy,2.8i CD-V6 4x4,A4,2792,Petrol,18.0,10.1,13.0,15.7,28.0,21.7,312,943,II,72.0,0.292,0.098,,,
FORD,Galaxy,1.9 Turbo Diesel (90PS),M5,1896,Diesel,8.5,5.3,6.5,33.2,53.3,43.5,176,489,II,73.0,0.444,0.865,,,0.073
FORD,Galaxy,1.9 Turbo Diesel (115PS),M5,1896,Diesel,8.6,5.3,6.5,32.8,53.3,43.5,176,489,II,75.0,0.349,0.660,,,0.077
FORD,Galaxy,1.9 Turbo Diesel (115PS),A4,1896,Diesel,10.4,6.4,7.8,27.2,44.1,36.2,211,588,II,71.0,1.390,0.753,,,0.084
FORD,Explorer,4.0,A5,4011,Petrol,18.2,11.1,13.7,15.5,25.4,20.6,350,993,II,72.0,0.750,0.280,,,
FORD,Transit Tourneo SWB Bus,2.5 Di Diesel  (76PS) 4.11 FDR,M5,2496,Diesel,10.4,7.1,8.3,27.2,39.8,34.0,218,626,II,75.0,1.274,1.239,,,0.150
FORD,Transit Tourneo SWB Bus,2.5 Di Diesel  (76PS) 4.56 FDR,M5,2496,Diesel,10.5,7.3,8.5,26.9,38.7,33.2,223,641,II,75.0,1.197,1.270,,,0.141
FORD,Transit Tourneo SWB Bus,2.5 Di Diesel  (85PS),A4,2496,Diesel,12.9,8.4,10.0,21.9,33.6,28.2,265,754,II,72.0,1.009,1.184,,,0.107
FORD,Transit Tourneo SWB Bus,2.5 Di Diesel  (85PS)  4.11 FDR,M5,2496,Diesel,13.0,8.7,10.3,21.7,32.5,27.4,273,776,II,74.0,0.548,1.359,,,0.073
FORD,Transit Tourneo SWB Bus,2.5 Di Diesel  (85PS)  4.56 FDR,M5,2496,Diesel,10.9,7.8,9.0,25.9,36.2,31.4,237,678,II,74.0,0.590,1.317,,,0.097
FORD,Transit Tourneo SWB Bus,2.5 Di Diesel  (85PS) TCI 4.11 FDR,M5,2496,Diesel,9.8,7.1,8.1,28.8,39.8,34.9,216,610,II,74.0,0.266,0.584,,,0.064
FORD,Transit Tourneo SWB Bus,2.5 Di Diesel  (85PS) TCI 4.56 FDR,M5,2496,Diesel,10.7,7.6,8.7,26.4,37.2,32.5,232,655,II,74.0,0.266,0.584,,,0.064
ISUZU,Trooper,3.0 Turbo 4WD Diesel,5MT,2999,Diesel,13.6,8.7,10.5,20.8,32.5,26.9,278,791,II,73.4,0.200,0.780,,,0.134
ISUZU,Trooper,3.0 Turbo 4WD Diesel,4AT,2999,Diesel,14.0,9.1,10.9,20.2,31.0,25.9,289,821,II,73.0,0.190,0.910,,,0.095
ISUZU,Trooper,3.5 V6 4WD Petrol,M5,3494,Petrol,18.7,10.7,13.7,15.1,26.4,20.6,326,993,II,75.9,0.570,0.200,,,
ISUZU,Trooper,3.5 V6 4WD Petrol,A4,3494,Petrol,20.6,11.7,15.0,13.7,24.1,18.8,358,1088,II,75.6,0.650,0.290,,,
KIA,Mentor II,1.5,M5,1498,Petrol,10.5,6.3,7.9,26.9,44.8,35.8,185,571,II,73.1,0.670,0.330,,,
KIA,Mentor II,1.5,A4,1498,Petrol,12.8,6.8,9.0,22.1,41.5,31.4,211,651,II,70.6,0.830,0.370,,,
KIA,Shuma,1.5,M5,1498,Petrol,10.5,6.3,7.9,26.9,44.8,35.8,185,571,II,73.4,0.670,0.330,,,
KIA,Shuma,1.5,A4,1498,Petrol,12.8,6.8,9.0,22.1,41.5,31.4,211,651,II,71.1,0.830,0.370,,,
KIA,Shuma,1.8,M5,1793,Petrol,12.6,7.0,9.1,22.4,40.4,31.0,216,660,II,73.2,0.240,0.290,,,
KIA,Shuma,1.8,A4,1793,Petrol,13.5,7.2,9.5,20.9,39.2,29.7,225,689,II,71.9,0.320,0.210,,,
KIA,Carens (2000 Model Year),1.8,M5,1793,Petrol,10.9,7.1,8.6,25.8,39.5,33.0,202,620,II,73.7,0.636,0.258,,,
KIA,Clarus,1.8,M5,1793,Petrol,12.1,7.8,9.3,23.3,36.2,30.4,220,673,II,73.4,0.996,0.362,,,
KIA,Clarus,1.8,A4,1793,Petrol,15.0,8.7,10.9,18.8,32.5,25.9,258,790,II,71.6,0.756,0.271,,,
KIA,Clarus,2.0,M5,1998,Petrol,13.9,8.1,10.3,20.3,34.9,27.4,244,747,II,73.7,0.710,0.320,,,
KIA,Clarus,2.0,A4,1998,Petrol,15.6,8.6,11.1,18.1,32.8,25.4,264,805,II,71.9,0.970,0.400,,,
KIA,Sportage (2000 Model Year),2.0 4WD,M5x2,1998,Petrol,14.6,9.0,11.0,19.3,31.4,25.7,261,796,II,73.8,0.800,0.360,,,
KIA,Sportage (2000 Model Year),2.0 4WD,A4x2,1998,Petrol,15.6,9.3,11.6,18.1,30.4,24.4,274,838,II,72.8,0.670,0.340,,,
KIA,Sedona,2.9 TDI,M5,2902,Diesel,10.9,6.8,8.3,25.9,41.5,34.0,222,626,II,75.0,0.670,1.170,,,0.104
KIA,Sedona,2.9 TDI,A4,2902,Diesel,12.4,7.2,9.1,22.8,39.2,31.0,240,686,II,73.0,0.620,1.300,,,0.122
KIA,Sedona,2.5 V6,M5,2497,Petrol,15.3,8.9,11.3,18.5,31.7,25.0,265,818,II,72.0,0.890,0.309,,,
KIA,Sedona,2.5 V6,A4,2497,Petrol,15.6,9.1,11.5,18.1,31.0,24.6,269,832,II,70.0,0.820,0.348,,,
LAMBORGHINI,Diablo Model Year 1997,Diablo 132,M5,5707,Petrol,39.0,16.5,24.8,7.3,17.2,11.5,575,1779,II,74.5,0.950,0.260,,,
LAMBORGHINI,Diablo Model Year 1997,Diablo 132 SE,M5,5707,Petrol,41.2,16.2,25.4,6.8,17.5,11.0,590,1860,II,75.0,1.020,0.120,,,
LAMBORGHINI,Diablo Model Year 1997,Diablo Roadster L144,M5,5707,Petrol,39.0,16.5,24.8,7.3,17.2,11.5,575,1779,II,74.5,0.950,0.260,,,
LAMBORGHINI,Diablo Model Year 1998/1999,Diablo 132,M5,5707,Petrol,37.9,17.3,24.9,7.4,16.3,11.3,575,1810,II,75.0,0.430,0.180,,,
LAMBORGHINI,Diablo Model Year 1998/1999,Diablo 132 SE,M5,5707,Petrol,37.9,17.3,24.9,7.4,16.3,11.3,575,1810,II,75.0,0.430,0.180,,,
LAMBORGHINI,Diablo Model Year 1998/1999,Diablo Roadster L144,M5,5707,Petrol,37.9,17.3,24.9,7.4,16.3,11.3,575,1810,II,75.0,0.430,0.180,,,
LAMBORGHINI,Diablo Model Year 1998/1999,Diablo 132 SE (GT),M5,5992,Petrol,31.8,16.6,22.1,8.9,16.8,11.9,530,1719,II,73.9,0.647,0.166,,,
LAMBORGHINI,Diablo Model Year 2000,Diablo 132,M5,5992,Petrol,34.7,15.5,22.5,8.1,18.2,12.6,539,1624,II,74.4,0.876,0.167,,,
LAMBORGHINI,Diablo Model Year 2000,Diablo 132 SE,M5,5992,Petrol,34.7,15.5,22.5,8.1,18.2,12.6,539,1624,II,74.4,0.876,0.167,,,
LAMBORGHINI,Diablo Model Year 2000,Diablo L144,M5,5992,Petrol,34.7,15.5,22.5,8.1,18.2,12.6,539,1624,II,74.4,0.876,0.167,,,
LAND ROVER,Defender Station Wagon,"TD5 Diesel 90""",M5,2495,Diesel,12.1,9.0,10.1,23.3,31.4,27.9,282,763,II,75.0,1.001,1.165,,,0.080
LAND ROVER,Defender Station Wagon,"TD5 Diesel 110""",M5,2495,Diesel,12.7,9.7,10.8,22.2,29.1,26.1,299,815,II,75.0,0.868,1.328,,,0.084
LAND ROVER,Freelander,1.8 (2000 Model Year),M5,1796,Petrol,13.0,8.6,10.2,21.7,32.7,27.6,248,741,II,74.0,1.264,0.330,,,
LAND ROVER,Freelander,2.0 (2000 Model Year),M5,1994,Diesel,9.6,6.7,7.7,29.6,42.2,36.6,208,581,II,74.1,0.573,0.846,,,0.088
LAND ROVER,Discovery Series II,TD5,M5,2495,Diesel,11.5,8.2,9.4,24.6,34.4,30.1,262,707,II,76.0,0.631,1.380,,,0.080
LAND ROVER,Discovery Series II,TD5,A4,2495,Diesel,12.7,9.0,10.3,22.2,31.4,27.4,284,776,II,76.0,0.563,1.337,,,0.096
LAND ROVER,Discovery Series II,4.0 V8,M5,3950,Petrol,23.3,12.7,16.6,12.1,22.2,17.0,397,1203,II,74.0,1.444,0.159,,,
LAND ROVER,Discovery Series II,4.0 V8,A4,3950,Petrol,22.9,13.1,16.7,12.3,21.6,16.9,397,1210,II,74.0,0.845,0.334,,,
LAND ROVER,Range Rover,2.5,M5,2497,Diesel,13.4,8.9,10.6,21.1,31.6,26.7,289,797,II,75.0,0.098,0.793,,,0.121
LAND ROVER,Range Rover,2.5,A4,2497,Diesel,14.5,9.6,11.4,19.5,29.5,24.9,304,854,II,74.0,0.080,0.750,,,0.140
LAND ROVER,Range Rover,4.0 V8,A4,3950,Petrol,21.7,11.5,15.2,13.0,24.5,18.5,385,1106,II,74.0,0.698,0.182,,,
LAND ROVER,Range Rover,4.6 V8,A4,4554,Petrol,23.9,12.2,16.4,11.8,23.2,17.2,398,1189,II,74.8,0.374,0.518,,,
LOTUS,Elise,Elise,M5,1796,Petrol,9.6,5.7,7.1,29.5,50.0,40.0,168,511,II,74.0,0.360,0.220,,,
LOTUS,Elise,Elise 111 S,M5,1796,Petrol,9.9,5.9,7.3,28.5,47.8,38.6,174,530,II,74.0,0.720,0.220,,,
LOTUS,Elise,Elise 340 R,M5,1796,Petrol,14.0,6.9,8.5,20.2,40.9,29.7,225,689,II,74.0,0.780,0.330,,,
LOTUS,Elise,Elise Sport 160,M5,1796,Petrol,13.4,6.8,9.2,21.1,41.5,30.7,218,666,II,72.0,0.600,0.201,,,
LOTUS,Elise,Exige,M5,1796,Petrol,14.0,6.9,8.5,20.2,40.9,29.7,225,689,II,74.0,0.780,0.330,,,
LOTUS,Esprit,Esprit S4 GT3,M5,2174,Petrol,19.0,8.6,12.5,14.9,32.8,22.6,294,905,II,72.0,1.400,0.390,,,
LOTUS,Esprit,Esprit V8,M5,3506,Petrol,20.8,9.7,13.8,13.6,29.1,20.5,328,998,II,74.0,0.560,0.390,,,
LOTUS,Esprit,Esprit V8 GT,M5,3506,Petrol,20.8,9.7,13.8,13.6,29.1,20.5,328,998,II,74.0,0.560,0.390,,,
LOTUS,Esprit,Esprit Sport 350,M5,3506,Petrol,20.8,9.7,13.8,13.6,29.1,20.5,328,998,II,74.0,0.560,0.390,,,
LTI,Taxi - TXI - EGR,2.7 Taxi/Hirecar,A4,2664,Diesel,10.9,8.2,9.2,26.0,34.3,30.7,244,693,II,73.1,0.390,1.110,,,0.090
LTI,Taxi - TXI - EGR,2.7 Taxi/Hirecar,M5,2664,Diesel,10.7,7.1,8.4,26.5,39.7,33.5,223,635,II,74.0,0.580,1.000,,,0.070
MAZDA,Demio,1.3,M5,1324,Petrol,8.7,6.0,7.0,32.5,47.1,40.3,169,508,II,72.0,0.737,0.339,,,
MAZDA,Demio,1.5,M5,1498,Petrol,9.2,6.2,7.3,30.7,45.6,38.7,176,529,II,71.0,0.175,0.033,,,
MAZDA,Demio,1.5,A4,1498,Petrol,10.2,6.6,7.9,27.7,42.8,35.8,190,571,II,71.0,0.164,0.037,,,
MAZDA,323,1.3,M5,1324,Petrol,9.3,6.2,7.3,30.4,45.6,38.7,177,529,II,72.0,0.487,0.271,,,
MAZDA,323,1.5,M5,1498,Petrol,9.5,6.3,7.5,29.7,44.8,37.7,181,543,II,73.0,0.211,0.219,,,
MAZDA,323,1.5,A4,1498,Petrol,10.7,6.8,8.2,26.4,41.5,34.5,197,593,II,72.0,0.482,0.214,,,
MAZDA,323,1.8,M5,1840,Petrol,10.7,6.7,8.2,26.4,42.2,34.4,197,595,II,73.0,0.583,0.239,,,
MAZDA,323,1.8,A4,1840,Petrol,12.2,7.1,9.0,23.2,39.8,31.4,216,651,II,72.0,0.622,0.295,,,
MAZDA,323,2.0 Turbo-Diesel,M5,1998,Diesel,6.4,4.4,5.1,44.1,64.2,55.4,149,384,II,74.0,0.904,0.768,,,0.062
MAZDA,Premacy,1.8 74kW (100ps),M5,1840,Petrol,10.7,6.9,8.3,26.4,40.9,34.0,198,602,II,71.3,0.347,0.212,,,
MAZDA,Premacy,1.8 84kW (115ps),M5,1840,Petrol,10.7,7.0,8.4,26.4,40.3,33.6,201,609,II,71.4,0.342,0.612,,,
MAZDA,Premacy,1.8 84kW (115ps),A4,1840,Petrol,12.2,7.4,9.2,23.2,38.2,30.7,220,666,II,69.9,0.612,0.338,,,
MAZDA,Premacy,2.0 Turbo-Diesel,M5,1998,Diesel,7.1,4.9,5.7,39.8,57.6,49.5,158,430,II,72.3,0.781,0.810,,,0.073
MAZDA,626,1.8i,M5,1840,Petrol,10.1,6.2,7.6,28.0,45.6,37.2,184,550,II,68.0,0.333,0.097,,,
MAZDA,626,2.0 85kW (115ps),M5,1991,Petrol,10.6,6.4,7.9,26.6,44.1,35.8,189,571,II,70.0,0.206,0.109,,,
MAZDA,626,2.0 85kW (115ps),A4,1991,Petrol,11.5,6.8,8.5,24.6,41.5,33.2,205,616,II,68.0,0.393,0.301,,,
MAZDA,626,2.0 100kW (136ps),M5,1991,Petrol,10.8,6.5,8.1,26.2,43.5,34.9,195,586,II,71.0,0.355,0.140,,,
MAZDA,626,2.0 100kW (136ps),A4,1991,Petrol,12.1,7.1,8.9,23.3,39.8,31.7,214,645,II,68.0,0.506,0.220,,,
MAZDA,626,2.0 Turbo-Diesel,M5,1998,Diesel,6.4,4.5,5.2,44.1,62.8,54.3,152,392,II,73.0,0.876,0.705,,,0.510
MAZDA,626,2.0 Estate 85kW (115ps),M5,1991,Petrol,10.8,6.7,8.2,26.2,42.2,34.5,196,593,II,72.0,0.550,0.243,,,
MAZDA,626,2.0 Estate 100kW (136ps),M5,1991,Petrol,10.9,6.7,8.3,25.9,42.2,34.0,198,602,II,71.0,0.353,0.133,,,
MAZDA,626,2.0 EstateTurbo-Diesel,M5,1998,Diesel,6.8,4.7,5.5,41.5,60.1,51.4,158,414,II,73.0,0.815,0.742,,,0.570
MAZDA,MPV,2.0,M5,1991,Petrol,12.6,8.6,10.1,22.4,32.9,28.0,242,731,III,72.0,0.762,0.257,,,
MAZDA,MX - 5,1.6,M5,1598,Petrol,10.6,6.6,8.1,26.6,42.8,34.9,196,586,II,74.0,0.531,0.243,,,
MAZDA,MX - 5,1.8 5 Speed,M5,1840,Petrol,11.2,7.0,8.5,25.2,40.4,33.2,205,616,II,74.0,0.701,0.297,,,
MAZDA,MX - 5,1.8 6 Speed,M6,1840,Petrol,11.7,7.1,8.8,24.1,39.8,32.1,232,637,II,72.0,0.573,0.268,,,
MAZDA,Xedos 9,2.3 Supercharged Miller,A4,2255,Petrol,14.0,7.7,10.9,20.2,36.7,28.2,245,725,II,71.0,0.259,0.328,,,
MERCEDES-BENZ,C-Class (W202) Saloon,C 180,M5,1799,Petrol,12.7,7.2,9.2,22.2,39.2,30.7,218,666,II,73.0,0.560,0.180,,,
MERCEDES-BENZ,C-Class (W202) Saloon,C 180,A5,1799,Petrol,12.8,7.3,9.3,22.1,38.7,30.4,221,673,II,72.0,0.560,0.160,,,
MERCEDES-BENZ,C-Class (W202) Saloon,C 200,M5,1998,Petrol,13.1,7.2,9.4,21.6,39.2,30.1,222,680,II,73.0,0.610,0.140,,,
MERCEDES-BENZ,C-Class (W202) Saloon,C 200,A5,1998,Petrol,13.2,7.3,9.5,21.4,38.7,29.7,225,689,II,70.0,0.420,0.150,,,
MERCEDES-BENZ,C-Class (W202) Saloon,C 230 Kompressor,M5,2295,Petrol,13.8,7.4,9.8,20.5,38.2,28.8,233,710,II,74.0,1.190,0.170,,,
MERCEDES-BENZ,C-Class (W202) Saloon,C 230 Kompressor,A5,2295,Petrol,13.9,7.6,9.9,20.3,37.2,28.5,237,718,II,74.0,0.460,0.200,,,
MERCEDES-BENZ,C-Class (W202) Saloon,C 240,A5,2397,Petrol,15.0,7.7,10.4,18.8,36.7,27.2,250,752,II,69.0,0.350,0.119,,,
MERCEDES-BENZ,C-Class (W202) Saloon,C 280,A5,2799,Petrol,14.3,7.8,10.2,19.7,36.2,27.7,245,739,II,70.0,0.400,0.160,,,
MERCEDES-BENZ,C-Class (W202) Saloon,C 43 AMG,A5,4266,Petrol,16.5,9.0,11.7,17.1,31.4,24.1,280,849,II,74.0,0.120,0.170,,,
MERCEDES-BENZ,C-Class (W202) Saloon,C 220 CDI,M5,2151,Diesel,8.2,5.0,6.1,34.5,56.5,46.3,161,460,II,71.0,0.488,0.520,,,0.036
MERCEDES-BENZ,C-Class (W202) Saloon,C 220 CDI,A5,2151,Diesel,9.2,5.3,6.7,30.7,53.3,42.2,178,504,II,67.0,0.198,0.488,,,0.038
MERCEDES-BENZ,V-Class (W638) Estate,V 230,M5,2295,Petrol,15.6,9.1,11.5,18.1,31.0,24.6,270,832,II,74.0,0.660,0.194,0.114,0.084,
MERCEDES-BENZ,M-Class (W163) Estate,ML 320,A5,3199,Petrol,18.2,11.2,13.8,15.5,25.2,20.5,330,998,II,74.0,0.920,0.162,,,
MERCEDES-BENZ,M-Class (W163) Estate,ML 430,A5,4266,Petrol,18.8,11.0,13.9,15.0,25.7,20.3,334,1008,II,72.0,0.089,0.073,,,
MERCEDES-BENZ,M-Class (W163) Estate,ML 55 AMG,A5,5439,Petrol,19.7,11.4,14.4,14.3,24.8,19.6,345,1044,II,74.0,0.088,0.026,,,
METROCAB,Taxi - Series III,2.5 DI Taxi,A4,2496,Diesel,10.9,7.7,8.9,25.8,36.7,31.8,236,669,II,75.0,1.185,1.037,,,0.178
METROCAB,Taxi - Series III,2.5 DI Taxi,M5,2496,Diesel,10.2,6.9,8.1,27.6,40.8,34.7,214,613,II,74.7,1.052,0.905,,,0.131
MG ROVER GROUP LTD,MGF,1.8i VVC,M5,1796,Petrol,11.2,5.8,7.8,25.2,48.8,36.3,190,564,II,73.6,0.829,0.241,,,
MG ROVER GROUP LTD,MGF,1.8i,M5,1796,Petrol,10.2,5.7,7.4,27.8,49.3,38.3,178,534,II,73.8,0.700,0.230,,,
MG ROVER GROUP LTD,MGF,1.8i,CVT,1796,Petrol,11.6,6.4,8.3,24.4,43.9,34.0,198,602,II,73.0,0.790,0.268,,,
MG ROVER GROUP LTD,Rover 25,1.4 (84 PS),M5,1396,Petrol,8.8,5.3,6.6,32.1,53.1,42.8,162,478,II,70.0,0.556,0.179,,,
MG ROVER GROUP LTD,Rover 25,1.4 (103 PS),M5,1396,Petrol,8.8,5.3,6.6,32.1,53.1,42.8,162,478,II,73.0,0.556,0.179,,,
MG ROVER GROUP LTD,Rover 25,1.6,M5,1588,Petrol,8.9,5.3,6.7,31.6,53.1,42.5,164,481,II,71.0,0.252,0.146,,,
MG ROVER GROUP LTD,Rover 25,1.8,CVT,1796,Petrol,11.6,6.3,8.2,24.4,44.7,34.3,196,596,II,72.0,0.272,0.196,,,
MG ROVER GROUP LTD,Rover 25,GTi,M5,1796,Petrol,10.4,5.8,7.5,27.2,48.9,37.8,178,541,II,73.0,0.761,0.215,,,
MG ROVER GROUP LTD,Rover 45,1.4,M5,1396,Petrol,9.4,5.7,7.1,30.1,49.6,40.0,166,511,II,73.0,0.319,0.240,,,
MG ROVER GROUP LTD,Rover 45,1.6,M5,1588,Petrol,9.2,5.6,6.9,30.6,50.6,40.8,170,501,II,73.0,0.329,0.094,,,
MG ROVER GROUP LTD,Rover 45,1.8,M5,1796,Petrol,9.5,5.7,7.1,29.8,49.4,39.7,172,515,II,74.0,0.491,0.164,,,
MG ROVER GROUP LTD,Rover 45,2.0 V6,A5,1997,Petrol,14.0,6.7,9.4,20.1,41.9,30.0,224,682,II,72.0,0.375,0.187,,,
MG ROVER GROUP LTD,Rover 75,1.8,M5,1796,Petrol,10.8,6.1,7.8,26.1,46.5,36.1,193,567,II,74.0,0.337,0.074,,,
MG ROVER GROUP LTD,Rover 75,1.8,A5,1796,Petrol,14.0,7.8,10.1,20.2,36.3,28.1,247,728,II,70.0,0.537,0.116,,,
MG ROVER GROUP LTD,Rover 75,2.0 V6,M5,1997,Petrol,13.5,7.0,9.4,20.9,40.3,30.1,232,680,II,73.0,0.188,0.079,,,
MG ROVER GROUP LTD,Rover 75,2.0 V6,A5,1997,Petrol,16.0,8.3,11.1,17.6,34.1,25.4,274,805,II,69.0,0.179,0.089,,,
MG ROVER GROUP LTD,Rover 75,2.5 V6,M5,2497,Petrol,14.0,7.2,9.7,20.2,39.4,29.2,240,701,II,73.0,0.102,0.061,,,
MG ROVER GROUP LTD,Rover 75,2.5 V6,A5,2497,Petrol,16.9,8.6,11.6,16.8,32.8,24.3,286,842,II,70.0,0.147,0.112,,,
MG ROVER GROUP LTD,Rover 75,2.0 CDT,M5,1951,Diesel,7.6,4.5,5.6,36.9,63.1,50.0,154,426,II,74.0,0.151,0.447,,,0.038
MITSUBISHI,Shogun Sport,2.5 TD CLASSIC,M5,2477,Diesel,12.8,8.8,10.3,22.1,32.1,27.4,273,776,II,72.0,0.527,0.804,,,0.051
MITSUBISHI,Shogun Sport,2.5 TD EQUIPPE,M5,2477,Diesel,13.6,9.5,11.0,20.8,29.7,25.7,292,828,II,74.0,0.661,0.778,,,0.060
MITSUBISHI,Shogun,3.2 CLASSIC SWB,M5,3200,Diesel,12.4,8.1,9.7,22.8,34.9,29.1,256,731,III,75.0,0.990,0.847,,,0.034
MITSUBISHI,Shogun,3.2 EQUIPPE SWB,M5,3200,Diesel,12.4,8.1,9.7,22.8,34.9,29.1,256,731,III,75.0,0.990,0.847,,,0.034
MITSUBISHI,Shogun,3.5 GDI EQUIPPE SWB,A5,3497,Petrol,17.5,10.8,13.2,12.1,26.2,21.4,316,956,III,71.0,0.198,0.371,,,
MITSUBISHI,Shogun,3.2 CLASSIC LWB,M5,3200,Diesel,12.4,8.1,9.7,22.8,34.9,29.1,256,731,III,74.0,0.990,0.847,,,0.034
MITSUBISHI,Shogun,3.2 CLASSIC LWB,A5,3200,Diesel,14.0,8.7,10.7,20.2,32.5,26.4,284,806,III,71.0,0.578,0.726,,,0.084
MITSUBISHI,Shogun,3.2 EQUIPPE LWB,M5,3200,Diesel,12.4,8.1,9.7,22.8,34.9,29.1,256,731,III,74.0,0.990,0.847,,,0.034
MITSUBISHI,Shogun,3.2 EQUIPPE LWB,A5,3200,Diesel,14.0,8.7,10.7,20.2,32.5,26.4,284,806,III,71.0,0.578,0.726,,,0.084
MITSUBISHI,Shogun,3.5 V6 GDI ELEGANCE LWB,A5,3497,Petrol,17.5,10.8,13.2,12.1,26.2,21.4,316,956,III,72.0,0.198,0.371,,,
NISSAN,200SX - S14 Series,2.0 Turbo Coupé,M5,1998,Petrol,12.9,7.8,9.7,21.9,36.2,29.1,233,703,II,69.5,0.937,0.252,,,
NISSAN,200SX - S14 Series,2.0 Turbo Coupé,A4,1998,Petrol,15.9,8.2,11.0,17.8,34.4,25.7,267,796,II,66.2,0.470,0.311,,,
NISSAN,Terrano II - R20 Series,2.4 Petrol 3 door,M5,2389,Petrol,15.2,10.1,11.9,18.6,28.0,23.7,282,863,II,74.0,1.765,0.360,,,
NISSAN,Terrano II - R20 Series,2.4 Petrol 5 door,M5,2389,Petrol,15.8,10.3,12.3,17.9,27.4,23.0,292,889,II,74.0,1.765,0.360,,,
NISSAN,Terrano II - R20 Series,2.7 Turbo Diesel 3 door,A4,2664,Diesel,12.9,9.2,10.6,21.9,30.7,26.6,279,800,II,74.0,1.765,0.360,,,0.104
NISSAN,Terrano II - R20 Series,2.7 Turbo Diesel 3 door,M5,2664,Diesel,11.8,8.6,9.8,23.9,32.8,28.8,260,739,II,72.0,0.677,1.050,,,0.060
NISSAN,Terrano II - R20 Series,2.7 Turbo Diesel 5 door,M5,2664,Diesel,11.9,8.7,9.9,23.7,32.5,28.5,263,747,II,72.0,0.677,1.050,,,0.060
NISSAN,Terrano II - R20 Series,2.7 Turbo Diesel 5 door,A4,2664,Diesel,13.1,9.3,10.7,21.6,30.4,26.4,283,806,II,73.0,0.508,0.777,,,0.119
NISSAN,Patrol GR - Y61 Series,3.0 TDI 3/5 door,MT,2953,Diesel,14.3,8.8,10.8,20.0,32.0,26.0,288,818,II,74.0,0.430,1.000,,,0.080
NISSAN,Patrol GR - Y61 Series,3.0 TDI 5 door,AT,2953,Diesel,13.9,9.0,10.8,20.0,31.0,26.0,287,818,II,71.0,0.600,1.020,,,0.050
NISSAN,Serena - C23 Series,2.3 Diesel 5 door,M5,2283,Diesel,11.9,7.8,9.3,23.7,36.2,30.4,246,700,II,73.0,0.623,0.896,,,0.071
PERODUA,Perodua Nippa,EX Nippa,M5,847,Petrol,6.9,4.6,5.4,41.1,61.4,51.9,129,394,II,71.5,0.827,0.138,,,
PERODUA,Perodua Nippa,GX Nippa,M5,847,Petrol,6.9,4.6,5.4,41.1,61.4,51.9,129,394,II,71.5,0.827,0.138,,,
PEUGEOT,106,1.1 (60 bhp),M5,1124,Petrol,8.4,5.2,6.4,33.6,54.3,44.1,154,464,II,72.8,0.582,0.166,,,
PEUGEOT,106,1.4 (75 bhp),M5,1360,Petrol,9.3,5.4,6.8,30.4,52.3,41.5,167,493,II,72.7,1.422,0.254,,,
PEUGEOT,106,1.6 (120 bhp),M5,1587,Petrol,11.4,6.3,8.1,24.8,44.8,34.9,194,586,II,73.1,1.224,0.389,,,
PEUGEOT,106,1.5 D (58 bhp),M5,1527,Diesel,6.9,4.3,5.3,40.9,65.7,53.3,139,399,II,72.5,0.509,0.576,,,0.058
PEUGEOT,206,1.1 (60 bhp),M5,1124,Petrol,8.2,5.1,6.2,34.4,55.4,45.6,154,449,II,72.0,0.750,0.386,,,
PEUGEOT,206,1.4 (75 bhp),M5,1360,Petrol,8.9,5.3,6.6,31.7,53.3,42.8,157,478,II,72.1,0.917,0.318,,,
PEUGEOT,206,1.4 (75 bhp),A4,1360,Petrol,10.0,5.6,7.2,28.2,50.4,39.2,180,522,II,72.4,0.802,0.406,,,
PEUGEOT,206,1.6 (90 bhp),M5,1587,Petrol,9.2,5.6,6.9,30.7,50.4,40.9,165,500,II,73.6,1.057,0.355,,,
PEUGEOT,206,2.0 (137 bhp),M5,1997,Petrol,10.9,6.2,7.9,25.9,45.6,35.8,187,571,II,73.7,0.326,0.244,,,
PEUGEOT,206,1.9 D (70 bhp),M5,1868,Diesel,7.4,4.4,5.5,38.2,64.2,51.4,144,414,II,73.1,0.274,0.554,,,0.027
PEUGEOT,206,2.0 HDi (90 bhp),M5,1997,Diesel,6.6,4.1,5.0,42.8,68.9,56.5,136,377,II,72.1,0.556,0.488,,,0.028
PEUGEOT,306,1.4 (75 bhp),M5,1360,Petrol,9.1,5.7,6.9,31.0,49.6,40.9,170,500,II,72.3,0.684,0.346,,,
PEUGEOT,306,1.6 (90 bhp),M5,1587,Petrol,9.6,5.8,7.2,29.4,48.7,39.2,172,522,II,73.5,0.907,0.311,,,
PEUGEOT,306,1.6 (90 bhp),A4,1587,Petrol,10.8,6.0,7.8,26.2,47.1,36.2,185,565,II,73.7,1.714,0.342,,,
PEUGEOT,306,1.8 (112 bhp),M5,1761,Petrol,12.0,6.3,8.3,23.5,44.8,34.0,198,602,II,73.2,1.376,0.379,,,
PEUGEOT,306,2.0 (135 bhp),M5,1998,Petrol,12.8,7.0,9.1,22.1,40.4,31.0,219,660,II,72.5,0.103,0.323,,,
PEUGEOT,306,2.0 (167 bhp),M5,1998,Petrol,13.6,7.1,9.4,20.8,39.8,30.1,224,680,II,74.0,0.928,0.464,,,
PEUGEOT,306,1.9 D (70 bhp),M5,1868,Diesel,8.3,5.0,6.2,34.0,56.5,45.6,164,467,II,74.0,0.251,0.572,,,0.044
PEUGEOT,306,2.0 HDi Turbo (90 bhp) (exc. D Turbo),M5,1997,Diesel,6.9,4.3,5.2,40.9,65.7,54.3,141,392,II,73.3,0.584,0.488,,,0.058
PEUGEOT,306,2.0 HDi (90 bhp) (D Turbo only),M5,1997,Diesel,7.2,4.4,5.4,39.2,64.2,52.3,146,407,II,73.3,0.584,0.488,,,0.053
PEUGEOT,306,1.8 (112 bhp) Cabriolet,M5,1761,Petrol,12.2,6.5,8.5,23.2,43.5,33.2,198,616,II,73.2,1.376,0.379,,,
PEUGEOT,306,2.0 (135 bhp) Cabriolet,M5,1998,Petrol,12.9,7.1,9.2,21.9,39.8,30.7,221,666,II,73.2,0.103,0.323,,,
PEUGEOT,306,2.0 (135 bhp) Cabriolet,A4,1998,Petrol,13.8,6.6,9.3,20.5,42.8,30.4,229,673,II,72.5,0.956,0.252,,,
PEUGEOT,406 Saloon,1.8 (112 bhp),M5,1761,Petrol,12.2,6.7,8.7,23.2,42.2,32.5,209,629,II,73.0,1.036,0.310,,,
PEUGEOT,406 Saloon,2.0 (137 bhp),M5,1997,Petrol,11.5,6.5,8.3,24.6,43.5,34.0,203,602,II,73.3,0.394,0.328,,,
PEUGEOT,406 Saloon,2.0 (137 bhp),A4,1997,Petrol,12.3,6.5,8.6,23.0,43.5,32.8,206,624,II,72.4,0.425,0.286,,,
PEUGEOT,406 Saloon,3.0 V6 (210 bhp),M5,2946,Petrol,13.7,7.2,9.6,20.6,39.2,29.4,229,696,II,74.0,0.529,0.148,,,
PEUGEOT,406 Saloon,3.0 V6 (210 bhp),A4,2946,Petrol,14.3,7.5,10.0,19.8,37.7,28.2,238,725,II,73.5,0.919,0.236,,,
PEUGEOT,406 Saloon,2.0 HDi Turbo (90 bhp),M5,1997,Diesel,7.4,4.7,5.6,38.2,60.1,50.4,154,422,II,72.5,0.504,0.667,,,0.029
PEUGEOT,406 Saloon,2.0 HDi Turbo (110 bhp),M5,1997,Diesel,7.3,4.5,5.5,38.7,62.8,51.4,150,414,II,72.9,0.844,0.536,,,0.064
PEUGEOT,406 Coupé,2.0 (137 bhp),M5,1997,Petrol,11.6,6.6,8.4,24.4,42.8,33.6,206,609,II,74.0,0.394,0.328,,,
PEUGEOT,406 Coupé,2.0 (137 bhp),A4,1997,Petrol,12.3,6.5,8.6,23.0,43.5,32.8,206,624,II,72.4,0.425,0.286,,,
PEUGEOT,406 Coupé,3.0 V6 (210 bhp),M5,2946,Petrol,14.1,7.6,10.0,20.0,37.2,28.2,238,725,II,71.0,0.529,0.148,,,
PEUGEOT,406 Coupé,3.0 V6 (210 bhp),A4,2946,Petrol,14.7,7.8,10.4,19.2,36.2,27.2,248,752,II,73.5,0.622,1.198,,,
PEUGEOT,406 Estate,1.8 (112 bhp),M5,1761,Petrol,12.4,7.0,9.0,22.8,40.4,31.4,214,651,II,73.0,0.608,0.172,,,
PEUGEOT,406 Estate,2.0 (137 bhp),M5,1997,Petrol,11.5,6.6,8.4,24.6,42.8,33.6,207,609,II,73.3,0.394,0.328,,,
PEUGEOT,406 Estate,2.0 (137 bhp),A4,1997,Petrol,12.3,6.6,8.7,23.0,42.8,32.5,208,629,II,72.4,0.425,0.286,,,
PEUGEOT,406 Estate,3.0 V6 (210 bhp),M5,2946,Petrol,13.9,7.4,9.8,20.3,38.2,28.8,234,710,II,74.0,0.529,0.148,,,
PEUGEOT,406 Estate,3.0 V6 (210 bhp),A4,2946,Petrol,14.6,7.7,10.2,19.3,36.7,27.7,243,739,II,73.5,0.924,0.236,,,
PEUGEOT,406 Estate,2.0 HDi Turbo (90 bhp),M5,1997,Diesel,7.6,4.8,5.8,37.2,58.9,48.7,160,437,II,72.5,0.504,0.667,,,0.029
PEUGEOT,406 Estate,2.0 HDi Turbo (110 bhp),M5,1997,Diesel,7.5,4.7,5.7,37.7,60.1,49.6,156,429,II,72.9,0.844,0.536,,,0.064
PEUGEOT,806, 2.0 HDi Turbo (110 bhp),M5,1997,Diesel,8.4,5.6,6.7,33.6,50.4,42.2,182,505,II,72.2,0.174,0.772,,,0.059
PEUGEOT,Expert Combi,2.0 HDi Turbo (95 bhp),M5,1997,Diesel,8.4,5.8,6.8,33.6,48.7,41.5,182,512,II,74.6,0.318,0.692,,,0.050
PEUGEOT,Expert Combi,2.0 HDi Turbo (110 bhp),M5,1997,Diesel,7.9,5.4,6.4,35.8,52.3,44.1,171,482,II,74.7,0.246,0.723,,,0.048
PEUGEOT,Partner Combi,1.9 D (70 bhp),M5,1868,Diesel,8.6,5.4,6.6,32.8,52.3,42.8,178,497,II,73.4,0.179,0.551,,,0.029
PEUGEOT,Partner Combi,2.0 HDi Turbo,M5,1997,Diesel,7.0,4.7,5.5,40.3,60.1,51.4,147,414,II,73.8,0.572,0.617,,,0.032
PROTON,Compact,1300 Hatchback,M5,1299,Petrol,10.6,6.5,8.1,26.6,43.3,35.1,197,583,II,73.0,1.140,0.330,,,
PROTON,Compact,1500 Hatchback,A3,1468,Petrol,11.1,7.7,8.9,25.5,36.9,31.6,219,647,II,70.9,1.340,0.320,,,
PROTON,Compact,1500 Hatchback,M5,1468,Petrol,11.1,6.6,8.3,25.4,42.8,34.1,202,600,II,73.3,1.440,0.310,,,
PROTON,Compact,1600 Hatchback,M5,1597,Petrol,11.1,6.9,8.4,25.5,41.2,33.5,206,611,II,72.3,0.910,0.250,,,
PROTON,Compact,1600 Hatchback,A4,1597,Petrol,12.0,7.0,8.8,23.5,40.4,32.0,217,639,II,69.7,0.930,0.320,,,
PROTON,Compact,1800 Hatchback DOHC,M5,1834,Petrol,11.9,6.8,8.7,23.8,41.8,32.7,211,626,II,73.4,0.840,0.250,,,
PROTON,Compact,1800 Hatchback DOHC,A4,1834,Petrol,12.3,7.3,9.2,22.9,38.7,30.9,225,662,II,70.6,0.670,0.280
PROTON,Compact,1800 Hatchback SOHC,A4,1834,Petrol,12.4,7.3,9.2,22.8,39.0,30.9,225,662,II,69.6,1.000,0.310
PROTON,Compact,1800 Hatchback SOHC,M5,1834,Petrol,11.4,6.9,8.6,24.7,41.2,33.0,210,620,II,73.7,0.700,0.170
PROTON,Persona,1300 Hatchback,M5,1299,Petrol,10.2,6.2,7.7,27.7,45.3,36.6,189,559,II,72.8,0.950,0.270
PROTON,Persona,1300 Saloon,M5,1299,Petrol,10.2,6.2,7.7,27.7,45.3,36.6,189,559,II,72.8,0.950,0.270
PROTON,Persona,1500 Hatchback,M5,1468,Petrol,10.8,6.7,8.2,26.3,42.0,34.4,201,595,II,72.4,0.730,0.230
PROTON,Persona,1500 Hatchback,A3,1468,Petrol,10.7,7.2,8.5,26.4,39.5,33.4,207,612,II,69.1,1.120,0.260
PROTON,Persona,1500 Saloon,M5,1468,Petrol,10.8,6.7,8.2,26.3,42.0,34.4,201,595,II,72.4,0.730,0.230
PROTON,Persona,1500 Saloon,A3,1468,Petrol,10.7,7.2,8.5,26.4,39.5,33.4,207,612,II,69.1,1.120,0.260
PROTON,Persona,1600 Hatchback,A4,1597,Petrol,12.2,7.4,9.2,23.2,38.0,30.8,225,664,II,69.7,0.650,0.260
PROTON,Persona,1600 Hatchback,M5,1597,Petrol,10.8,6.4,8.1,26.1,43.9,35.0,198,584,II,72.7,0.850,0.220
PROTON,Persona,1600 Saloon,A4,1597,Petrol,12.2,7.4,9.2,23.2,38.0,30.8,225,664,II,69.7,0.650,0.260
PROTON,Persona,1600 Saloon,M5,1597,Petrol,10.8,6.4,8.1,26.1,43.9,35.0,198,584,II,72.7,0.850,0.220
PROTON,Persona,1800 Hatchback DOHC,A4,1834,Petrol,13.4,7.4,9.6,21.0,38.1,29.3,236,698,II,68.9,0.720,0.290
PROTON,Persona,1800 Hatchback DOHC,M5,1834,Petrol,11.5,6.8,8.5,24.6,41.5,33.2,208,616,II,73.1,1.040,0.250
PROTON,Persona,1800 Hatchback SOHC,A4,1834,Petrol,12.5,7.3,9.2,22.5,38.8,30.6,226,669,II,70.8,0.950,0.300
PROTON,Persona,1800 Hatchback SOHC,M5,1834,Petrol,11.8,7.0,8.8,23.9,40.4,32.1,217,637,II,72.6,0.600,0.190,,,
PROTON,Persona,1800 Saloon DOHC,A4,1834,Petrol,13.4,7.4,9.6,21.0,38.1,29.3,236,698,II,68.9,0.720,0.290,,,
PROTON,Persona,1800 Saloon DOHC,M5,1834,Petrol,11.5,6.8,8.5,24.6,41.5,33.2,208,616,II,73.1,1.040,0.250,,,
PROTON,Persona,1800 Saloon SOHC,A4,1834,Petrol,12.5,7.3,9.2,22.5,38.8,30.6,226,669,II,70.8,0.950,0.300,,,
PROTON,Persona,1800 Saloon SOHC,M5,1834,Petrol,11.8,7.0,8.8,23.9,40.4,32.1,217,637,II,72.6,0.600,0.190,,,
PROTON,Persona,2000 Hatchback Turbo Diesel,M5,1998,Diesel,9.8,6.3,7.6,28.8,44.8,37.3,205,570,II,73.5,0.150,0.480,,,0.040
PROTON,Persona,2000 Saloon Turbo Diesel,M5,1998,Diesel,9.8,6.3,7.6,28.8,44.8,37.3,205,570,II,73.5,0.150,0.480,,,0.040
PROTON,Persona,1300 Coupé,M5,1299,Petrol,10.6,6.5,8.1,26.6,43.3,35.1,197,583,II,73.0,1.140,0.330,,,
PROTON,Persona,1800 Coupé DOHC,M5,1834,Petrol,11.9,6.8,8.7,23.8,41.8,32.7,208,626,II,73.1,0.840,0.250,,,
PROTON,Persona,1800 Coupé DOHC,A4,1834,Petrol,12.3,7.3,9.2,22.9,38.7,30.9,236,662,II,68.9,0.670,0.280,,,
PROTON,Satria,1300 Hatchback,M5,1299,Petrol,10.6,6.5,8.1,26.6,43.3,35.1,197,583,II,73.0,1.140,0.330,,,
PROTON,Satria,1500 Hatchback,A3,1468,Petrol,11.1,7.7,8.9,25.5,36.9,31.6,219,647,II,70.9,1.340,0.320,,,
PROTON,Satria,1500 Hatchback,M5,1468,Petrol,11.1,6.6,8.3,25.4,42.8,34.1,202,600,II,73.3,1.440,0.310,,,
PROTON,Satria,1600 Hatchback,M5,1597,Petrol,11.1,6.9,8.4,25.5,41.2,33.5,206,611,II,72.3,0.910,0.250,,,
PROTON,Satria,1600 Hatchback,A4,1597,Petrol,12.0,7.0,8.8,23.5,40.4,32.0,217,639,II,69.7,0.930,0.320,,,
PROTON,Satria,1800 Hatchback DOHC,M5,1834,Petrol,11.9,6.8,8.7,23.8,41.8,32.7,211,626,II,73.4,0.840,0.250,,,
PROTON,Satria,1800 Hatchback DOHC,A4,1834,Petrol,12.3,7.3,9.2,22.9,38.7,30.9,225,662,II,70.6,0.670,0.280
PROTON,Satria,1800 Hatchback SOHC,A4,1834,Petrol,12.4,7.3,9.2,22.8,39.0,30.9,225,662,II,69.6,1.000,0.310
PROTON,Satria,1800 Hatchback SOHC,M5,1834,Petrol,11.4,6.9,8.6,24.7,41.2,33.0,210,620,II,73.7,0.700,0.170
PROTON,Wira,1300 Hatchback,M5,1299,Petrol,10.2,6.2,7.7,27.7,45.3,36.6,189,559,II,72.8,0.950,0.270
PROTON,Wira,1300 Saloon,M5,1299,Petrol,10.2,6.2,7.7,27.7,45.3,36.6,189,559,II,72.8,0.950,0.270
PROTON,Wira,1500 Hatchback,M5,1468,Petrol,10.8,6.7,8.2,26.3,42.0,34.4,201,595,II,72.4,0.730,0.230
PROTON,Wira,1500 Hatchback,A3,1468,Petrol,10.7,7.2,8.5,26.4,39.5,33.4,207,612,II,69.1,1.120,0.260
PROTON,Wira,1500 Saloon,M5,1468,Petrol,10.8,6.7,8.2,26.3,42.0,34.4,201,595,II,72.4,0.730,0.230
PROTON,Wira,1500 Saloon,A3,1468,Petrol,10.7,7.2,8.5,26.4,39.5,33.4,207,612,II,69.1,1.120,0.260
PROTON,Wira,1600 Hatchback,A4,1597,Petrol,12.2,7.4,9.2,23.2,38.0,30.8,225,664,II,69.7,0.650,0.260
PROTON,Wira,1600 Hatchback,M5,1597,Petrol,10.8,6.4,8.1,26.1,43.9,35.0,198,584,II,72.7,0.850,0.220
PROTON,Wira,1600 Saloon,A4,1597,Petrol,12.2,7.4,9.2,23.2,38.0,30.8,225,664,II,69.7,0.650,0.260
PROTON,Wira,1600 Saloon,M5,1597,Petrol,10.8,6.4,8.1,26.1,43.9,35.0,198,584,II,72.7,0.850,0.220
PROTON,Wira,1800 Hatchback DOHC,A4,1834,Petrol,13.4,7.4,9.6,21.0,38.1,29.3,236,698,II,68.9,0.720,0.290
PROTON,Wira,1800 Hatchback DOHC,M5,1834,Petrol,11.5,6.8,8.5,24.6,41.5,33.2,208,616,II,73.1,1.040,0.250
PROTON,Wira,1800 Hatchback SOHC,A4,1834,Petrol,12.5,7.3,9.2,22.5,38.8,30.6,226,669,II,70.8,0.950,0.300
PROTON,Wira,1800 Hatchback SOHC,M5,1834,Petrol,11.8,7.0,8.8,23.9,40.4,32.1,217,637,II,72.6,0.600,0.190,,,
PROTON,Wira,1800 Saloon DOHC,A4,1834,Petrol,13.4,7.4,9.6,21.0,38.1,29.3,236,698,II,68.9,0.720,0.290,,,
PROTON,Wira,1800 Saloon DOHC,M5,1834,Petrol,11.5,6.8,8.5,24.6,41.5,33.2,208,616,II,73.1,1.040,0.250,,,
PROTON,Wira,1800 Saloon SOHC,A4,1834,Petrol,12.5,7.3,9.2,22.5,38.8,30.6,226,669,II,70.8,0.950,0.300,,,
PROTON,Wira,1800 Saloon SOHC,M5,1834,Petrol,11.8,7.0,8.8,23.9,40.4,32.1,217,637,II,72.6,0.600,0.190,,,
PROTON,Wira,2000 Hatchback Turbo Diesel,M5,1998,Diesel,9.8,6.3,7.6,28.8,44.8,37.3,205,570,II,73.5,0.150,0.480,,,0.040
PROTON,Wira,2000 Saloon Turbo Diesel,M5,1998,Diesel,9.8,6.3,7.6,28.8,44.8,37.3,205,570,II,73.5,0.150,0.480,,,0.040
PROTON,Wira,1300 Coupé,M5,1299,Petrol,10.6,6.5,8.1,26.6,43.3,35.1,197,583,II,73.0,1.140,0.330,,,
PROTON,Wira,1800 Coupé DOHC,M5,1834,Petrol,11.9,6.8,8.7,23.8,41.8,32.7,208,626,II,73.1,0.840,0.250,,,
PROTON,Wira,1800 Coupé DOHC,A4,1834,Petrol,12.3,7.3,9.2,22.9,38.7,30.9,236,662,II,68.9,0.670,0.280,,,
RENAULT,Clio (all versions and trim levels),1.2 From VIN C/BB0A0F,M5,1149,Petrol,7.9,5.2,6.2,35.8,54.3,45.6,146,449,II,70.6,0.935,0.203,,,
RENAULT,Clio (all versions and trim levels),1.4 From VIN C/BB0S0F,M5,1390,Petrol,8.8,5.6,6.8,32.1,50.4,41.5,160,493,II,72.1,0.433,0.083,,,
RENAULT,Clio (all versions and trim levels),1.4 16V From VIN C/BB0L0F,M5,1390,Petrol,8.9,5.2,6.5,32.1,54.3,43.5,155,470,II,73.4,0.526,0.263,,,
RENAULT,Clio (all versions and trim levels),1.4 16V From VIN BB0L0A,A4,1390,Petrol,9.6,5.8,7.2,29.4,48.7,39.2,170,522,II,73.5,0.511,0.246,,,
RENAULT,Clio (all versions and trim levels),1.6 From VIN C/BB0D0F,M5,1598,Petrol,9.6,5.8,7.2,29.4,48.7,39.2,170,522,II,72.2,1.331,0.194,,,
RENAULT,Clio (all versions and trim levels),1.6 From VIN C/BB0D0A,A4,1598,Petrol,10.8,6.1,7.8,26.2,46.3,36.2,184,565,II,72.5,0.835,0.175,,,
RENAULT,Clio (all versions and trim levels),1.6 16V From VIN C/BB0T0F,M5,1598,Petrol,9.4,6.0,7.2,30.1,47.1,39.2,170,522,II,74.0,0.234,0.089,,,
RENAULT,Clio (all versions and trim levels),2.0 16V From VIN CB0M0F,M5,1998,Petrol,10.5,6.4,7.9,26.9,44.1,35.8,189,571,II,74.0,0.944,0.364,,,
RENAULT,Clio (all versions and trim levels),1.9 D From VIN C/BB0E,M5,1870,Diesel,7.7,4.6,5.7,36.7,61.4,49.6,153,429,II,72.6,0.443,0.550,,,0.036
RENAULT,Clio (all versions and trim levels),1.9 dTi  From VIN BB0U0F,M5,1870,Diesel,6.7,4.3,5.2,42.2,65.7,54.3,139,392,II,73.9,0.850,0.474,,,0.034
RENAULT,Kangoo (all versions and trim levels),1.4 From VIN KC0CAF,M5,1390,Petrol,9.5,6.3,7.5,29.7,44.8,37.7,177,543,II,74.0,0.660,0.166,,,
RENAULT,Kangoo (all versions and trim levels),1.4 From VIN KC0HAA,A4,1390,Petrol,9.9,6.7,7.9,28.5,42.2,35.8,188,571,II,73.7,0.677,0.136,,,
RENAULT,Kangoo (all versions and trim levels),1.9D From VIN KC0EAF,M5,1870,Diesel,8.2,6.0,6.8,34.4,47.1,41.5,180,513,II,73.8,0.471,0.519,,,0.047
RENAULT,Kangoo (all versions and trim levels),1.9 dTi From VIN KC0UAF,M5,1870,Diesel,7.1,4.9,5.7,39.8,57.6,49.6,152,429,II,73.9,0.646,0.513,,,0.043
RENAULT,Mégane Hatchback (all versions and trim levels),1.4 From VIN  BA0VM5,M5,1390,Petrol,9.0,5.2,6.6,31.4,54.3,42.8,180,478,II,73.2,0.487,0.139,,,
RENAULT,Mégane Hatchback (all versions and trim levels),1.4 16V From VIN BA0W05,M5,1390,Petrol,9.2,5.2,6.6,30.7,54.3,42.8,156,478,II,71.4,0.228,0.103,,,
RENAULT,Mégane Hatchback (all versions and trim levels),1.6 16V From VIN BA0405,M5,1598,Petrol,9.4,5.7,7.0,30.1,49.6,40.4,165,506,II,73.2,0.221,0.064,,,
RENAULT,Mégane Hatchback (all versions and trim levels),1.6 16V From VIN BA0402,A4,1598,Petrol,9.7,5.6,7.1,29.1,50.4,39.8,174,514,II,69.5,0.211,0.136,,,
RENAULT,Mégane Hatchback (all versions and trim levels),1.9 dTi From VIN BA0NM5,M5,1870,Diesel,6.8,4.4,5.2,41.5,64.2,54.3,139,392,II,73.9,0.823,0.613,,,0.066
RENAULT,Mégane Hatchback (all versions and trim levels),1.9 dTi From VIN BA0N02,A4,1870,Diesel,8.7,4.8,6.2,32.5,58.9,45.6,164,467,II,72.6,0.719,0.604,,,0.055
RENAULT,Mégane Coupé (all versions and trim levels),1.4 16V From VIN DA0W05,M5,1390,Petrol,9.1,5.1,6.5,31.0,55.4,43.5,153,470,II,71.4,0.288,0.103,,,
RENAULT,Mégane Coupé (all versions and trim levels),1.6 16V From VIN DA0405,M5,1598,Petrol,9.3,5.6,6.9,30.4,50.4,40.9,162,500,II,73.2,0.221,0.064,,,
RENAULT,Mégane Coupé (all versions and trim levels),1.6 16V From VIN DA0402,A4,1598,Petrol,9.6,5.5,7.0,29.4,51.4,40.4,169,506,II,69.5,0.211,0.136,,,
RENAULT,Mégane Coupé (all versions and trim levels),2.0 ide 16V From VIN DA0305,M5,1998,Petrol,10.2,6.1,7.6,27.7,46.3,37.2,181,550,II,74.0,0.052,0.092,,,
RENAULT,Mégane Classic (all versions and trim levels),1.4 16V From VIN LA0W05,M5,1390,Petrol,9.0,5.2,7.6,31.4,54.3,37.2,156,550,II,73.2,0.487,0.139,,,
RENAULT,Mégane Classic (all versions and trim levels),1.6 16V From VIN LA0405,M5,1598,Petrol,9.4,5.7,7.0,30.1,49.6,40.4,165,506,II,73.2,0.487,0.118,,,
RENAULT,Mégane Classic (all versions and trim levels),1.6 16V From VIN LA0402,A4,1598,Petrol,9.7,5.6,7.1,29.1,50.4,39.8,174,514,II,69.5,0.211,0.136,,,
RENAULT,Mégane Classic (all versions and trim levels),1.9 dTi From VIN LA0NM5,M5,1870,Diesel,6.8,4.4,5.2,41.5,64.2,54.3,139,392,II,73.9,0.823,0.613,,,0.066
RENAULT,Mégane Classic (all versions and trim levels),1.9 dTi From VIN LA0N02,A4,1870,Diesel,8.7,4.8,6.2,32.5,58.9,45.6,159,467,II,72.6,0.719,0.604,,,0.055
RENAULT,Mégane Cabriolet (all versions and trim levels),1.6 16V From VIN EA0405,M5,1598,Petrol,9.4,5.7,7.0,30.1,49.6,40.4,165,506,II,73.2,0.221,0.064,,,
RENAULT,Mégane Cabriolet (all versions and trim levels),1.6 16V From VIN EA0402,A4,1598,Petrol,9.7,5.6,7.1,29.1,50.4,39.8,174,514,II,69.5,0.211,0.136,,,
RENAULT,Mégane Cabriolet (all versions and trim levels),2.0 ide 16V From VIN EA0305,M5,1998,Petrol,10.2,6.1,7.6,27.7,46.3,37.2,181,550,II,74.0,0.052,0.092,,,
RENAULT,New Scenic (all versions and trim levels),1.4 16V From VIN JA0WN5,M5,1390,Petrol,9.7,5.7,7.1,29.1,49.6,39.8,168,514,II,71.4,0.298,0.107,,,
RENAULT,New Scenic (all versions and trim levels),1.6 16V From VIN JA04N5,M5,1598,Petrol,9.6,6.0,7.3,29.4,47.1,38.7,173,529,II,73.2,0.224,0.124,,,
RENAULT,New Scenic (all versions and trim levels),1.6 16V From VIN JA04N2,A4,1598,Petrol,10.0,6.1,7.5,28.2,46.3,37.7,181,543,II,69.6,0.409,0.188,,,
RENAULT,New Scenic (all versions and trim levels),2.0 16V From VIN JA1B05,M5,1998,Petrol,10.8,6.4,8.0,26.2,44.1,35.3,190,580,II,74.0,0.198,0.074,,,
RENAULT,New Scenic (all versions and trim levels),2.0 16V From VIN JA1B02,A4,1998,Petrol,11.9,6.6,8.5,23.7,42.8,33.2,202,616,II,73.4,0.295,0.084,,,
RENAULT,New Scenic (all versions and trim levels),1.9 dTi From VIN JA0NN5,M5,1870,Diesel,7.7,4.9,5.9,36.7,57.6,47.9,157,444,II,74.9,0.487,0.510,,,0.052
RENAULT,New Scenic (all versions and trim levels),1.9 dTi From VIN JA0N02,A4,1870,Diesel,8.8,5.1,6.4,32.1,55.4,44.1,170,482,II,73.4,0.590,0.678,,,0.065
RENAULT,New Scenic RX4 (all versions and trim levels),1.9 dCi RX4 From VIN JABF0E,M5,1870,Diesel,8.9,6.6,7.4,31.7,42.8,38.2,197,557,II,73.1,0.179,0.627,,,0.077
RENAULT,Laguna (all versions and trim levels),1.6 16V From VIN B56805,M5,1598,Petrol,10.1,6.0,7.5,28.0,47.1,37.7,177,543,II,70.5,0.066,0.088,,,
RENAULT,Laguna (all versions and trim levels),1.8 16V From VIN B56405,M5,1783,Petrol,10.6,6.3,7.9,26.6,44.8,35.8,186,571,II,73.2,0.647,0.094,,,
RENAULT,Laguna (all versions and trim levels),2.0 16V From VIN B56P65,M5,1998,Petrol,10.5,6.1,7.7,26.9,46.3,36.7,182,557,II,74.0,0.212,0.133,,,
RENAULT,Laguna (all versions and trim levels),2.0 8V From VIN B56L0G,A4,1998,Petrol,13.1,6.7,9.0,21.6,42.2,31.4,214,651,II,73.8,0.689,0.250,,,
RENAULT,Laguna (all versions and trim levels),1.9 dTi From VIN B56J05,M5,1870,Diesel,7.1,4.5,5.4,39.8,62.8,52.3,144,407,II,73.0,0.681,0.607,,,0.074
RENAULT,Laguna (all versions and trim levels),1.9 dTi From VIN B56J02,A4,1871,Diesel,8.7,4.9,6.3,32.5,57.6,44.8,168,475,II,71.3,0.248,0.616,,,0.070
RENAULT,Laguna (all versions and trim levels),2.2 dT From VIN B569LE,M5,2188,Diesel,9.7,5.6,7.1,29.1,50.4,39.8,189,535,II,73.9,0.269,0.602,,,0.032
RENAULT,Laguna (all versions and trim levels),3.0 V6 24V From VIN B56VL5,M5,2946,Petrol,16.1,8.1,11.0,17.5,34.9,25.7,259,796,II,74.0,0.792,0.335,,,
RENAULT,Laguna (all versions and trim levels),3.0 V6 24V From VIN B56VL2,A4,2946,Petrol,17.1,8.3,11.5,16.5,34.0,24.6,271,832,II,73.2,0.692,0.311,,,
RENAULT,Laguna Estate (all versions and trim levels),1.6 16V From VIN K56805,M5,1598,Petrol,10.3,6.2,7.7,27.4,45.6,36.7,183,557,II,70.5,0.066,0.088,,,
RENAULT,Laguna Estate (all versions and trim levels),1.8 16V From VIN K56405,M5,1783,Petrol,10.8,6.5,8.1,26.2,43.5,34.9,191,586,II,73.2,0.647,0.094,,,
RENAULT,Laguna Estate (all versions and trim levels),2.0 16V From VIN K56P65,M5,1998,Petrol,10.7,6.3,7.9,26.4,44.8,35.8,187,571,II,74.0,0.212,0.133,,,
RENAULT,Laguna Estate (all versions and trim levels),2.0 8V  From VIN K56L0G,A4,1998,Petrol,12.3,7.0,8.9,23.0,40.4,31.7,219,645,II,73.8,0.689,0.250,,,
RENAULT,Laguna Estate (all versions and trim levels),1.9 dTi From VIN K56J05,M5,1870,Diesel,7.3,4.7,5.6,38.7,60.1,50.4,149,422,II,73.0,0.681,0.607,,,0.074
RENAULT,Laguna Estate (all versions and trim levels),1.9 dTi From VIN K56J02,A4,1871,Diesel,8.9,5.1,6.5,31.7,55.4,43.5,173,489,II,71.3,0.248,0.616,,,0.070
RENAULT,Laguna Estate (all versions and trim levels),2.2 dT From VIN K569JE,M5,2188,Diesel,9.7,5.7,7.2,29.1,49.6,39.2,192,543,II,73.9,0.269,0.602,,,0.032
RENAULT,Safrane (all versions and trim levels),2.0 16V From VIN B54L05,M5,1948,Petrol,12.7,7.1,9.1,22.2,39.8,31.0,214,660,II,72.6,0.311,0.286,,,
RENAULT,Safrane (all versions and trim levels),2.0 16V From VIN B54L02,A4,1948,Petrol,13.8,7.5,9.8,20.5,37.7,28.8,231,710,II,72.4,0.128,0.264,,,
RENAULT,Safrane (all versions and trim levels),2.5 20V From VIN B54F02,A4,2435,Petrol,15.3,8.2,10.7,18.5,34.4,26.4,252,775,II,72.9,0.702,0.290,,,
RENAULT,Espace (J66) (all versions and trim levels),3.0 V6 24V From VIN JE0G02,A4,2946,Petrol,16.3,8.9,11.6,17.3,31.7,24.4,273,838,II,73.6,1.073,0.414,,,
RENAULT,Espace (J66) (all versions and trim levels),1.9 dTi From VIN JE0M05,M5,1870,Diesel,8.2,5.7,6.6,34.4,49.6,42.8,175,497,II,74.0,0.677,0.597,,,0.054
RENAULT,Espace (J66) (all versions and trim levels),2.2 dT From VIN JE0E05,M5,2188,Diesel,10.6,6.5,8.0,26.6,43.5,35.3,216,603,II,72.5,0.133,0.744,,,0.045
RENAULT,Espace (J66) (all versions and trim levels),2.2 dT From VIN JE0H05,M5,2188,Diesel,10.3,6.6,7.9,27.4,42.8,35.8,212,594,II,72.5,0.257,0.652,,,0.052
RENAULT,Grand Espace (J66) (all versions and trim levels),3.0 V6 24V From VIN JE0GL2,A4,2946,Petrol,16.3,8.9,11.6,17.3,31.7,24.4,273,838,II,73.6,1.073,0.414,,,
RENAULT,Grand Espace (J66) (all versions and trim levels),2.2 dT From VIN JE0E05,M5,2188,Diesel,10.6,6.5,8.0,26.6,43.5,35.3,216,603,II,72.5,0.133,0.744,,,0.045
RENAULT,Grand Espace (J66) (all versions and trim levels),2.2 dT From VIN JE0H05,M5,2188,Diesel,10.3,6.6,7.9,27.4,42.8,35.8,212,594,II,72.5,0.257,0.652,,,0.052
SUBARU,Justy,1.3 GX AWD 3/5 Door Hatchback,M5,1298,Petrol,8.6,6.0,6.9,32.8,47.1,40.9,165,500,II,71.3,0.410,0.144,,,
SUBARU,Impreza,2.0 AWD 4 & 5 Door,M5,1994,Petrol,12.1,7.2,9.0,23.3,39.2,31.4,214,651,II,72.5,0.430,0.130,,,
SUBARU,Impreza,2.0 AWD 4 & 5 Door,A4,1994,Petrol,12.8,7.3,9.3,22.1,38.7,30.4,220,673,II,72.0,0.550,0.100,,,
SUBARU,Impreza,2000 AWD 4 & 5 Door Turbo,M5,1994,Petrol,13.7,8.0,10.1,20.6,35.3,28.0,239,731,II,73.0,0.740,0.200,,,
SUBARU,Impreza,P1 AWD 2 Door Turbo,M5,1994,Petrol,14.7,9.1,11.2,19.2,31.0,25.2,265,812,II,72.0,0.980,0.230
SUBARU,Legacy,2.0 Classic Estate AWD,M5,1994,Petrol,12.2,7.8,9.4,23.2,36.2,30.1,225,680,II,71.4,0.570,0.160
SUBARU,Legacy,2.0 Classic Estate AWD,A4,1994,Petrol,13.0,8.1,9.9,21.7,34.9,28.5,236,718,II,70.6,0.540,0.230
SUBARU,Legacy,2.0 GL Saloon AWD,M5,1994,Petrol,12.1,7.2,9.0,23.3,39.2,31.4,215,651,II,73.1,0.448,0.118
SUBARU,Legacy,2.0 GL Saloon AWD,A4,1994,Petrol,12.6,7.6,9.4,22.4,37.2,30.1,225,680,II,71.9,0.637,0.140
SUBARU,Legacy,2.0 GL Estate AWD,M5,1994,Petrol,12.3,7.7,9.4,23.0,36.7,30.1,224,680,II,73.1,0.856,0.114
SUBARU,Legacy,2.0 GL Estate AWD,A4,1994,Petrol,12.7,7.8,9.6,22.2,36.2,29.4,229,696,II,71.9,0.647,0.126
SUBARU,Legacy,2.5 GX Saloon AWD,M5,2457,Petrol,12.7,7.3,9.3,22.2,38.7,30.4,222,673,II,74.0,0.380,0.079
SUBARU,Legacy,2.5 GX Saloon AWD,A4,2457,Petrol,13.0,7.6,9.6,21.7,37.2,29.4,228,696,II,71.9,0.840,0.100
SUBARU,Legacy,2.5 GX Estate AWD,M5,2457,Petrol,12.6,7.7,9.5,22.4,36.7,29.7,228,689,II,74.0,0.372,0.083
SUBARU,Legacy,2.5 GX Estate AWD,A4,2457,Petrol,13.1,7.9,9.8,21.6,35.8,28.8,234,710,II,71.9,0.731,0.109
SUBARU,Legacy,2.5 Outback Estate AWD,M5,2457,Petrol,12.7,7.7,9.5,22.2,36.7,29.7,227,689,II,74.0,0.919,0.107
SUBARU,Legacy,2.5 Outback Estate AWD,A4,2457,Petrol,12.8,8.0,9.8,22.1,35.3,28.8,234,710,II,71.9,0.679,0.121
SUBARU,Forester,2.0 AWD 5 Door,M5,1994,Petrol,11.9,7.4,9.0,23.7,38.2,31.4,214,651,II,72.5,0.600,0.130
SUBARU,Forester,2.0 AWD 5 Door,A4,1994,Petrol,12.2,7.5,9.2,23.2,37.7,30.7,218,666,II,71.0,0.590,0.120
SUBARU,Forester,2.0 AWD S Turbo 5-door,M5,1994,Petrol,12.8,8.2,9.9,22.1,34.4,28.5,235,718,II,72.0,0.900,0.250
SUBARU,Forester,2.0 AWD S Turbo 5-door,A4,1994,Petrol,14.0,8.5,10.5,20.2,33.2,26.9,249,760,II,70.0,0.660,0.280
SUZUKI,Alto,1.0 GL 3 door Up to VIN Prefix MA3EFA11S,5MT,993,Petrol,7.3,4.8,5.7,38.7,58.9,49.6,134,412,II,72.1,0.840,0.254
SUZUKI,Alto,1.0 GL 5 door Up to   VIN Prefix MA3EFB11S,5MT,993,Petrol,7.3,4.8,5.7,38.7,58.9,49.6,134,412,II,72.1,0.840,0.254
SUZUKI,Alto,1.0 GL(A) 3 door Up to VIN Prefix MA3EFA11S,3AT,993,Petrol,9.0,6.1,7.2,31.4,46.3,39.2,171,522,II,73.0,0.776,0.199
SUZUKI,Alto,1.0 GL(A) 5 door Up to VIN Prefix MA3EFB11S,3AT,993,Petrol,9.0,6.1,7.2,31.4,46.3,39.2,171,522,II,73.0,0.776,0.199
SUZUKI,Swift,1.0 GL/GLS 3 door Up to VIN TSMMAA44S00799999,5MT,993,Petrol,6.9,4.7,5.5,40.9,60.1,51.4,130,398,II,71.2,0.266,0.100
SUZUKI,Swift,1.0 GL/GLS 5 door Up to VIN TSMMAB44S00799999,5MT,993,Petrol,6.9,4.7,5.5,40.9,60.1,51.4,130,398,II,71.2,0.266,0.100
SUZUKI,Swift,1.0 GLS(A)/GLX(A) Up to VIN TSMMAB44S00799999,3AT,993,Petrol,8.7,6.2,7.1,32.5,45.6,39.8,169,514,II,71.3,0.467,0.143
SUZUKI,Swift,1.3 GLX 3 door Up to VIN TSMMAA35S00799999,5MT,1298,Petrol,7.8,4.8,5.9,36.2,58.9,47.9,139,427,II,70.4,0.214,0.088
SUZUKI,Baleno,1.6 GS Hatch Up to VIN Prefix JSAEGA31S,5MT,1590,Petrol,9.4,6.1,7.3,30.1,46.3,38.7,174,529,II,71.8,0.235,0.094
SUZUKI,Jimny,1.3 JLX Soft Top Up to VIN VSEFJB33C00107292,5MTx2,1298,Petrol,8.8,6.2,7.2,32.1,45.6,39.2,169,522,II,72.0,0.790,0.298
SUZUKI,Jimny,1.3 JLX Estate Up to VIN Prefix JSAFJB33V,5MTx2,1298,Petrol,10.2,7.1,8.2,27.7,39.8,34.4,190,595,II,73.0,0.732,0.161
SUZUKI,Jimny,1.3 JLX(A) Estate Up to VIN Prefix JSAFJB33V,4ATx2,1298,Petrol,10.2,7.2,8.3,27.7,39.2,34.0,195,602,II,71.4,0.882,0.220
SUZUKI,Vitara,1.6 Soft-Top/Estate,5MTx2,1590,Petrol,10.8,7.5,8.7,26.2,37.7,32.5,207,629,II,72.6,1.190,0.190
SUZUKI,Grand Vitara,GV2000 3 door Soft Top Up to VIN 2S2GTA52C00469999,5MTx2,1995,Petrol,11.9,8.0,9.4,23.7,35.3,30.1,227,680,II,72.4,0.480,0.114
SUZUKI,Grand Vitara,GV2000(A) 3 door Soft Top Up to VIN 2S2GTA52C00469999,4ATx2,1995,Petrol,12.4,8.3,9.8,22.8,34.0,28.8,236,710,II,71.6,0.462,0.234
SUZUKI,Grand Vitara,GV2000 3 door Estate Up to VIN JSAFTA52V00149999,5MTx2,1995,Petrol,11.9,8.0,9.4,23.7,35.3,30.1,227,680,II,72.4,0.480,0.114,,,
SUZUKI,Grand Vitara,GV2000(A) 3 door Estate Up to VIN JSAFTA52V00149999,4ATx2,1995,Petrol,12.4,8.3,9.8,22.8,34.0,28.8,236,710,II,71.6,0.462,0.234,,,
SUZUKI,Grand Vitara,2.0 TD Estate Up to VIN JSAFTD32V00999999,5MTx2,1998,Diesel,9.4,6.9,7.8,30.1,40.9,36.2,224,588,II,70.9,0.163,0.555,,,0.067
SUZUKI,Grand Vitara,2.0(A)TD Estate Up to VIN JSAFTD32V00999999,4ATx2,1998,Diesel,10.5,7.4,8.6,26.9,38.2,32.8,244,649,II,70.2,0.077,0.550,,,0.066
SUZUKI,Grand Vitara,2.5 V6 Estate Up to VIN JSAFTD62V00149999,5MTx2,2493,Petrol,13.1,9.1,10.6,21.6,31.0,26.6,256,769,II,71.7,0.061,0.028,,,
SUZUKI,Grand Vitara,2.5(A) V6 Estate Up to VIN JSAFTD62V00149999,4ATx2,2493,Petrol,14.2,9.9,11.5,19.9,28.5,24.6,278,832,II,73.5,0.098,0.046,,,
TATA,Safari,2.0 L  Tdi 4 x 4,M5,1948,Diesel,11.4,8.1,9.3,24.7,35.0,30.4,300,700,II,74.0,0.567,0.895,,,0.111
TOYOTA,Picnic,2.2 TD Manual,M5,2184,Diesel,10.3,6.5,7.8,27.4,43.5,36.2,206,588,II,72.0,0.440,0.540,,,0.060
TOYOTA,Landcruiser,3.4 24v Auto,A4x2,3378,Petrol,18.6,11.4,14.1,15.2,24.8,20.0,341,1023,II,72.0,1.270,0.290,,,
TOYOTA,Landcruiser,4.2 24v TD Manual,M5x2,4164,Diesel,14.0,9.4,11.1,20.2,30.1,25.4,292,838,II,75.0,0.700,0.960,,,0.105
TOYOTA,Landcruiser,4.2 24v TD Auto,A4x2,4164,Diesel,15.8,10.8,12.6,17.9,26.2,22.4,340,950,II,72.0,0.170,0.970,,,0.142
TOYOTA,Landcruiser,4.7 32v Auto,A4x2,4664,Petrol,22.4,13.3,16.6,12.6,21.2,17.0,405,1203,II,71.0,0.360,0.150,,,
VOLKSWAGEN,Caravelle,2.5 TDI (102 bhp),QM5,2461,Diesel,13.8,8.2,10.0,20.5,34.4,28.2,270,754,II,75.0,0.162,1.196,,,0.156
VOLKSWAGEN,Multi-Van,2.5 TDI (102 bhp),QM5,2461,Diesel,13.8,8.2,10.0,20.5,34.4,28.2,270,754,II,75.0,0.162,1.196,,,0.156
VOLKSWAGEN,Window Van,2.0 (84 bhp),M5,1968,Petrol,14.8,9.4,11.4,19.1,30.1,24.8,274,825,II,73.5,0.892,0.437,,,
VOLKSWAGEN,Window Van,1.9 TD (68 bhp),M5,1896,Diesel,10.0,7.2,8.3,28.2,39.2,34.0,224,626,II,74.0,0.139,0.904,,,0.057
VOLKSWAGEN,Window Van,2.4 SD (75 bhp)(Motor Home),M5,2370,Diesel,12.4,7.8,9.4,22.8,36.2,30.1,254,707,II,74.0,0.211,1.052,,,0.124
VOLKSWAGEN,Window Van,2.5 TDI (102 bhp),QM5,2461,Diesel,13.8,8.2,10.0,20.5,34.4,28.2,270,754,II,75.0,0.162,1.196,,,0.156
VOLKSWAGEN,Window Van,2.5 TDI (102 bhp)(High Roof Model),QM5,2461,Diesel,14.1,8.5,10.2,20.0,33.2,27.7,275,768,II,75.0,0.162,1.196,,,0.156
