Manufacturer,Model,Description,Transmission,Engine Capacity,Fuel Type,Metric Urban (Cold),Metric Extra-Urban,Metric Combined,Imperial Urban (Cold),Imperial Extra-Urban,Imperial Combined,CO2 g/km,Fuel Cost 6000 Miles,Euro Standard,Noise Level dB(A),Emissions CO,Emissions HC+NOx,Emissions HC,Emissions NOx,Emissions Particulates
ALFA ROMEO,156 Saloon 2002 MY Range,2.0 JTS,M5,1970,Petrol,12.2,6.6,8.6,23.2,42.8,32.8,205,599,IV,72.5,0.459,,0.078,0.050,
ALFA ROMEO,156 Saloon 2002 MY Range,2.0 JTS Selespeed,SAT5,1970,Petrol,12.2,6.6,8.6,23.2,42.8,32.8,205,599,IV,72.5,0.459,,0.078,0.050,
ALFA ROMEO,156 Sportwagon 2002 MY Range,2.0 JTS,M5,1970,Petrol,12.5,6.8,8.9,22.6,41.5,31.7,212,620,IV,72.5,0.459,,0.078,0.050,
ALFA ROMEO,156 Sportwagon 2002 MY Range,2.0 JTS Selespeed,SAT5,1970,Petrol,12.5,6.8,8.9,22.6,41.5,31.7,212,620,IV,72.5,0.459,,0.078,0.050,
AUDI,"Audi A2 (Standard, SE & Sport)",1.4 (75 bhp),M5,1390,Petrol,8.3,4.8,6.1,34.0,58.9,46.3,146,424,IV,71.0,0.258,,0.068,0.025,
AUDI,"Audi A3 (3 & 5 door, Standard, SE & Sport)",1.6 (102 bhp),M5,1595,Petrol,9.9,5.5,7.1,28.5,51.4,39.8,170,493,IV,73.0,0.718,,0.053,0.039,
AUDI,"Audi A3 (3 & 5 door, Standard, SE & Sport)",1.6 (102 bhp),A4,1595,Petrol,11.4,6.3,8.1,24.8,44.8,34.9,194,563,IV,71.0,0.480,,0.058,0.044,
AUDI,"Audi A3 (3 & 5 door, Standard, SE & Sport)",1.8T (150 bhp),M5,1781,Petrol,10.8,6.3,8.0,26.2,44.8,35.3,192,556,IV,71.0,0.631,,0.065,0.038,
AUDI,"Audi A3 (3 & 5 door, Standard, SE & Sport)",1.8T (150 bhp),A4,1781,Petrol,12.9,7.0,9.1,21.9,40.4,31.0,218,634,IV,70.0,0.775,,0.051,0.026,
AUDI,"Audi A4 Saloon (Standard, SE & Sport)",1.6 (102 bhp),M5,1595,Petrol,10.9,6.1,7.8,25.9,46.3,36.2,187,543,IV,73.0,0.404,,0.047,0.023,
AUDI,"Audi A4 Saloon (Standard, SE & Sport)",1.8T (150 bhp),M5,1781,Petrol,11.4,6.5,8.3,24.8,43.5,34.0,199,578,IV,71.0,0.408,,0.026,0.025,
AUDI,"Audi A4 Saloon (Standard, SE & Sport)",1.8T Quattro (150 bhp),QM5,1781,Petrol,12.6,7.3,9.3,22.4,38.7,30.4,223,646,IV,73.0,0.458,,0.025,0.023,
AUDI,"Audi A4 Saloon (Standard, SE & Sport)",1.8T (150 bhp) multitronic,AV,1781,Petrol,11.5,6.6,8.4,24.6,42.8,33.6,202,584,IV,74.0,0.617,,0.058,0.049,
AUDI,"Audi A4 Saloon (Standard, SE & Sport)",2.0 (130 bhp),M5,1984,Petrol,11.6,6.1,8.1,24.4,46.3,34.9,194,563,IV,73.0,0.682,,0.068,0.044,
AUDI,"Audi A4 Saloon (Standard, SE & Sport)",2.0 Multitronic (130 bhp),AV,1984,Petrol,11.0,6.3,8.0,25.7,44.8,35.3,192,556,IV,72.0,0.705,,0.088,0.038,
AUDI,"Audi A4 Saloon (Standard, SE & Sport)",3.0 V6 Quattro (220 bhp),QM5,2976,Petrol,15.0,8.1,10.6,18.8,34.9,26.6,254,738,IV,72.0,0.451,,0.036,0.052
AUDI,"Audi A4 Saloon (Standard, SE & Sport)",3.0 V6 Quattro Tiptronic (220 bhp),QA5,2976,Petrol,16.1,7.9,10.9,17.5,35.8,25.9,262,758,IV,74.0,0.507,,0.056,0.064
AUDI,"Audi A4 Avant  (Standard, SE & Sport)",1.8T (150 bhp),M5,1781,Petrol,11.5,6.6,8.4,24.6,42.8,33.6,202,584,IV,71.0,0.408,,0.026,0.025
AUDI,"Audi A4 Avant  (Standard, SE & Sport)",1.8T Multitronic (150 bhp),AV,1781,Petrol,11.5,6.6,8.4,24.6,42.8,33.6,202,584,IV,74.0,0.617,,0.058,0.049
AUDI,"Audi A4 Avant  (Standard, SE & Sport)",2.0 (130 bhp),M5,1984,Petrol,11.6,6.1,8.1,24.4,46.3,34.9,194,563,IV,73.0,0.682,,0.068,0.044
AUDI,"Audi A4 Avant  (Standard, SE & Sport)",2.0 Multitronic (130 bhp),AV,1984,Petrol,11.0,6.3,8.0,25.7,44.8,35.3,192,556,IV,72.0,0.705,,0.088,0.038
AUDI,"Audi A4 Avant  (Standard, SE & Sport)",3.0 V6 Quattro Tiptronic (220 bhp),QA5,2976,Petrol,16.1,7.9,10.9,17.5,35.8,25.9,262,758,IV,74.0,0.507,,0.056,0.064
AUDI,"A6 Saloon  (Standard, SE & Sport)",1.8T 20v (150 bhp),M5,1781,Petrol,11.6,6.8,8.6,24.4,41.5,32.8,206,599,IV,72.0,0.350,,0.032,0.037
AUDI,"A6 Saloon  (Standard, SE & Sport)",1.8T 20v Multitronic (150 bhp),AV,1781,Petrol,11.9,6.9,8.7,23.7,40.9,32.5,209,604,IV,72.0,0.496,,0.053,0.040
AUDI,"A6 Saloon  (Standard, SE & Sport)",1.8T 20v Quattro (150 bhp),QM5,1781,Petrol,12.8,7.6,9.6,22.1,37.2,29.4,230,668,IV,74.0,0.420,,0.042,0.040
AUDI,"A6 Saloon  (Standard, SE & Sport)",2.0 (130 bhp),M5,1984,Petrol,11.9,6.5,8.4,23.7,43.5,33.6,202,584,IV,74.0,0.560,,0.073,0.036
AUDI,"A6 Saloon  (Standard, SE & Sport)",2.0 (130 bhp),AV,1984,Petrol,11.4,6.8,8.5,24.8,41.5,33.2,204,592,IV,74.0,0.462,,0.080,0.035
AUDI,"A6 Saloon  (Standard, SE & Sport)",2.4 V6 (170 bhp),M5,2393,Petrol,14.1,7.6,10.0,20.0,37.2,28.2,240,696,IV,72.0,0.229,,0.047,0.036
AUDI,"A6 Saloon  (Standard, SE & Sport)",2.4 V6 Multitronic (170 bhp),AV,2393,Petrol,14.3,7.1,9.7,19.8,39.8,29.1,233,675,IV,73.0,0.274,,0.050,0.035
AUDI,"A6 Saloon  (Standard, SE & Sport)",2.4 V6 Quattro (170 bhp),QM5,2393,Petrol,15.3,8.4,11.0,18.5,33.6,25.7,264,764,IV,73.0,0.257,,0.044,0.026
AUDI,"A6 Saloon  (Standard, SE & Sport)",2.4 V6 Quattro Tiptronic (170 bhp),QA5,2393,Petrol,16.3,8.2,11.3,17.3,34.4,25.0,271,786,IV,73.0,0.184,,0.049,0.037
AUDI,A6 Saloon  (SE & Sport),3.0 V6 Quattro (220 bhp),QM6,2976,Petrol,16.1,8.7,11.4,17.5,32.5,24.8,274,792,IV,74.0,0.508,,0.032,0.028
AUDI,A6 Saloon  (SE & Sport),4.2 V8 Sport & Quattro (300 bhp),QA5,4172,Petrol,19.5,9.5,13.1,14.6,29.7,21.6,314,909,IV,74.0,0.419,,0.058,0.038
AUDI,A6 Saloon  (SE & Sport),3.0 V6 Quattro Tiptronic (220 bhp),QA5,2976,Petrol,16.6,8.4,11.4,17.0,33.6,24.8,274,792,IV,73.0,0.348,,0.035,0.047
AUDI,"A6 Avant  (Standard, SE & Sport)",1.8T 20v (150 bhp),M5,1781,Petrol,11.6,6.8,8.6,24.4,41.5,32.8,206,599,IV,72.0,0.350,,0.032,0.037
AUDI,"A6 Avant  (Standard, SE & Sport)",1.8T 20v Multitronic (150 bhp),AV,1781,Petrol,11.9,6.9,8.7,23.7,40.9,32.5,209,604,IV,72.0,0.496,,0.053,0.040
AUDI,"A6 Avant  (Standard, SE & Sport)",1.8T 20v Quattro (150 bhp),QM5,1781,Petrol,12.8,7.6,9.6,22.1,37.2,29.4,230,668,IV,74.0,0.420,,0.042,0.040
AUDI,"A6 Avant  (Standard, SE & Sport)",2.0 (130 bhp),M5,1984,Petrol,12.1,6.6,8.5,23.3,42.8,33.2,204,592,IV,74.0,0.560,,0.073,0.036
AUDI,"A6 Avant  (Standard, SE & Sport)",2.0 Multitronic (130 bhp),AV,1984,Petrol,11.4,6.8,8.5,24.8,41.5,33.2,204,592,IV,74.0,0.462,,0.080,0.035
AUDI,"A6 Avant  (Standard, SE & Sport)",2.4 V6 (170 bhp),M5,2393,Petrol,14.2,7.7,10.1,19.9,36.7,28.0,242,701,IV,72.0,0.229,,0.047,0.036
AUDI,"A6 Avant  (Standard, SE & Sport)",2.4 V6 Multitronic (170 bhp),AV,2393,Petrol,14.4,7.2,9.8,19.6,39.2,28.8,235,682,IV,73.0,0.274,,0.050,0.035
AUDI,"A6 Avant  (Standard, SE & Sport)",2.4 V6 Quattro (170 bhp),QM5,2393,Petrol,15.3,8.4,11.0,18.5,33.6,25.7,264,764,IV,73.0,0.257,,0.044,0.026
AUDI,"A6 Avant  (Standard, SE & Sport)",2.4 V6 Quattro Tiptronic (170 bhp),QA5,2393,Petrol,16.5,8.3,11.4,17.1,34.0,24.8,274,792,IV,73.0,0.184,,0.049,0.037
AUDI,A6 Avant  (SE & Sport),4.2 V8 Sport & Quattro (300 bhp),QA5,4172,Petrol,19.5,9.6,13.2,14.5,29.4,21.4,317,918,IV,74.0,0.419,,0.058,0.038
AUDI,A6 Avant  (SE & Sport),3.0 V6 Quattro (220 bhp),QM5,2976,Petrol,16.1,8.7,11.4,17.5,32.5,24.8,274,792,IV,74.0,0.508,,0.032,0.028
AUDI,A6 Avant  (SE & Sport),3.0 V6 Quattro Tiptronic (220 bhp),QA5,2976,Petrol,16.8,8.5,11.5,16.8,33.2,24.6,276,798,IV,73.0,0.348,,0.035,0.047
AUDI,Audi A8 (Standard & Sport)(available until 10/02),2.8 V6 Quattro Tiptronic (194 bhp),QA5,2772,Petrol,17.6,8.6,11.9,16.1,32.8,23.7,286,829,IV,72.0,0.330,,0.064,0.031
AUDI,Audi A8 (Standard & Sport)(available until 10/02),3.7 V8 Quattro Tiptronic (260 bhp),QA5,3697,Petrol,18.4,9.0,12.4,15.4,31.4,22.8,298,861,IV,73.0,0.665,,0.070,0.018
AUDI,Audi A8 (Standard & Sport)(available until 10/02),4.2 V8 Quattro (310 bhp),QA5,4172,Petrol,19.7,9.3,13.1,14.3,30.4,21.6,314,909,IV,74.0,0.380,,0.054,0.055
AUDI,Audi A8 (Standard & Sport)(available until 10/02),4.2 V8 Quattro Tiptronic (LWB) (310 bhp),QA5,4172,Petrol,19.7,9.3,13.1,14.3,30.4,21.6,314,909,IV,74.0,0.380,,0.054,0.055
AUDI,Audi Cabriolet,2.4 V6 (170 bhp),M5,2393,Petrol,13.9,7.5,9.8,20.3,37.7,28.8,235,682,IV,72.0,0.367,,0.046,0.018
AUDI,Audi Cabriolet,2.4 V6 (170 bhp) Multitronic,AV,2393,Petrol,13.7,7.5,9.7,20.6,37.7,29.1,233,675,IV,71.0,0.334,,0.052,0.032
AUDI,Audi Cabriolet,3.0 V6 (220 bhp) ,M5,2976,Petrol,14.0,7.5,9.8,20.2,37.7,28.8,235,682,IV,71.0,0.129,,0.027,0.038
AUDI,Audi Cabriolet,3.0 V6 (220 bhp) Multitronic,AV,2976,Petrol,13.9,7.4,9.8,20.3,38.2,28.8,235,682,IV,72.0,0.430,,0.065,0.030
DAIHATSU,YRV,M201 1.3 Efi (From VIN 512165),5MT,1298,Petrol,7.8,5.1,6.1,36.2,55.4,46.3,145,424,IV,70.4,0.487,0.055,0.049,0.006
FIAT,Stilo Range,1.2 16v Active 3 door,M6,1242,Petrol,7.9,5.3,6.3,35.8,53.3,44.8,149,438,IV,73.5,0.198,,0.014,0.022
FIAT,Stilo Range,1.2 16v Active 5 door,M6,1242,Petrol,8.3,5.5,6.5,34.0,51.4,43.5,155,451,IV,73.5,0.198,,0.014,0.022
FIAT,Stilo Range,1.6 16v Active and Dynamic 3 door,M5,1596,Petrol,10.1,5.7,7.3,28.0,49.6,38.7,173,507,IV,72.0,0.490,,0.070,0.050
FIAT,Stilo Range,1.6 16v Active 5 door,M5,1596,Petrol,10.3,5.8,7.4,27.4,48.7,38.2,176,514,IV,72.0,0.490,,0.070,0.050
FIAT,Stilo Range,1.6 16v Dynamic 5 door,M5,1596,Petrol,10.5,5.8,7.5,26.9,48.7,37.7,179,521,IV,72.0,0.490,,0.070,0.050
FIAT,Stilo Range,1.8 16v Dynamic 3 door,M5,1747,Petrol,11.3,6.1,8.0,25.0,46.3,35.3,190,556,IV,72.0,0.274,,0.038,0.043
FIAT,Stilo Range,1.8 16v Dynamic 5 door,M5,1747,Petrol,11.5,6.2,8.1,24.6,45.6,34.9,194,563,IV,72.0,0.274,,0.038,0.043
FORD,Fiesta,1.25i 16V (14 inch tyre),M5,1242,Petrol,8.8,5.7,6.9,32.1,49.6,40.9,161,480,IV,69.0,0.296,,0.054,0.061
FORD,Fiesta,1.6i 16V,M5,1596,Petrol,9.5,6.0,7.3,29.7,47.1,38.7,171,507,IV,71.0,0.533,,0.073,0.032
FORD,New Fiesta,1.6i 16V (14 inch tyre),M5,1596,Petrol,9.1,5.2,6.6,31.0,54.3,42.8,157,459,IV,71.0,0.535,,0.054,0.029
FORD,New Fiesta,1.6i 16V (15/16 inch tyre),M5,1596,Petrol,9.4,5.4,6.9,30.1,52.3,40.9,164,480,IV,71.0,0.535,,0.054,0.029
FORD,Fusion,1.6i Fusion 1,M5,1596,Petrol,9.0,5.3,6.6,31.4,53.3,42.8,157,459,IV,71.0,0.584,,0.054,0.038
FORD,Fusion,1.6i Fusion 2 & 3,M5,1596,Petrol,9.0,5.4,6.7,31.4,52.3,42.2,160,465,IV,71.0,0.584,,0.054,0.038
FORD,Puma,1.6i 16V,M5,1596,Petrol,9.5,6.0,7.3,29.7,47.1,38.7,171,507,IV,70.0,0.200,,0.037,0.023
FORD,Focus,2.0i 16V 4 Door Saloon (15 inch tyre),A4,1988,Petrol,13.0,7.3,9.4,21.7,38.7,30.1,222,652,IV,72.0,0.698,,0.056,0.058
FORD,Focus,2.0i 16V 5 Door Saloon/Estate (15 inch tyre),A4,1988,Petrol,13.1,7.3,9.4,21.6,38.7,30.1,222,652,IV,72.0,0.698,,0.056,0.058
FORD,Focus,2.0i 16V ST170 3/5 Door Saloon,M6,1988,Petrol,12.4,7.2,9.1,22.8,39.2,31.0,218,634,IV,73.0,0.148,,0.051,0.060
FORD,New Mondeo,2.0i 16V 4/5 Door Saloon,A4,1999,Petrol,12.6,7.2,9.1,22.4,39.2,31.0,219,634,IV,70.0,0.120,,0.070,0.050
FORD,New Mondeo,2.0i 16V Estate LX/Zetec,A4,1999,Petrol,12.6,7.3,9.2,22.4,38.7,30.7,221,640,IV,70.0,0.120,,0.070,0.050
FORD,New Mondeo,2.0i 16V Estate Ghia/Ghia X,A4,1999,Petrol,12.7,7.4,9.3,22.2,38.2,30.4,223,646,IV,70.0,0.120,,0.070,0.050
FORD,New Mondeo,2.0i 16V 4/5 Door Saloon (18 inch tyre),A4,1999,Petrol,12.9,7.5,9.4,21.9,37.7,30.1,226,652,IV,70.0,0.120,,0.070,0.050
FORD,New Mondeo,2.0i 16V Estate Zetec (18 inch tyre),A4,1999,Petrol,12.9,7.6,9.5,21.9,37.2,29.7,228,661,IV,70.0,0.120,,0.070,0.050
FORD,New Mondeo,2.5 V6 4/5 Door Saloon Ghia X,M5,2495,Petrol,14.3,7.3,9.9,19.8,38.7,28.5,238,689,IV,71.0,0.174,,0.059,0.019
FORD,New Mondeo,2.5 V6  Estate Ghia X,M5,2495,Petrol,14.4,7.4,10.0,19.6,38.2,28.2,240,696,IV,71.0,0.174,,0.059,0.019
FORD,New Mondeo,2.5 V6 4/5 Door Saloon Zetec S,M5,2495,Petrol,14.5,7.5,10.1,19.5,37.7,28.0,242,701,IV,71.0,0.174,,0.059,0.019
FORD,New Mondeo,2.5 V6 Estate Zetec S,M5,2495,Petrol,14.7,7.7,10.3,19.2,36.7,27.4,247,717,IV,71.0,0.174,,0.059,0.019
FORD,New Mondeo,2.5 V6 4/5 Door Saloon Ghia X,A5,2495,Petrol,15.2,7.5,10.3,18.6,37.7,27.4,244,717,IV,73.0,0.166,,0.091,0.027
FORD,New Mondeo,2.5 V6 Estate Ghia X,A5,2495,Petrol,15.5,7.7,10.5,18.2,36.7,26.9,250,730,IV,73.0,0.166,,0.091,0.027
FORD,New Mondeo,2.5 V6 Zetec S,A5,2495,Petrol,15.6,7.9,10.7,18.1,35.8,26.4,254,744,IV,73.0,0.166,,0.091,0.027
FORD,New Mondeo,3.0 V6 ST220 4/5 Door Saloon,M5,2967,Petrol,14.3,7.9,10.2,19.8,35.8,27.7,245,709,IV,73.0,0.236,,0.035,0.053
FORD,New Mondeo,3.0 V6 ST220 Estate,M5,2967,Petrol,14.4,8.0,10.3,19.6,35.3,27.4,247,717,IV,73.0,0.236,,0.035,0.053
FORD,New Galaxy,2.8i CD-V6,M6,2792,Petrol,14.8,8.5,10.8,19.1,33.2,26.2,259,750,IV,73.0,0.280,,0.071,0.059
FORD,New Galaxy,2.8i CD-V6,A5,2792,Petrol,16.8,9.2,12.0,16.8,30.7,23.5,288,836,IV,73.0,0.449,,0.061,0.016
FORD,New Galaxy,2.3i 16V,M5,2295,Petrol,14.0,7.8,10.1,20.2,36.2,28.0,242,701,IV,73.0,0.352,,0.054,0.031
FORD,New Galaxy,2.3i 16V ,A4,2295,Petrol,15.1,8.6,11.0,18.7,32.8,25.7,264,764,IV,71.0,0.137,,0.061,0.032
JAGUAR CARS,Jaguar X Type,2.5,A5,2497,Petrol,15.0,7.6,10.3,18.9,37.3,27.5,244,714,IV,71.0,0.560,,0.037,0.002
JAGUAR CARS,Jaguar X Type,2.5,M5,2497,Petrol,13.6,7.2,9.6,20.7,39.0,29.5,234,666,IV,74.0,0.222,,0.037,0.004
JAGUAR CARS,Jaguar X Type,3.0,A5,2967,Petrol,15.1,7.8,10.5,18.7,36.4,27.0,249,727,IV,72.0,0.308,,0.051,0.009
JAGUAR CARS,Jaguar X Type,3.0,M5,2967,Petrol,14.8,7.7,10.3,19.1,36.8,27.5,244,714,IV,74.0,0.370,,0.046,0.021
LAMBORGHINI,Diablo Model Year 2001,132,M5,5992,Petrol,34.7,14.2,21.8,8.1,19.9,13.0,520,,IV,74.0,*,,*,*
LAMBORGHINI,Diablo Model Year 2002,132 SE,M5,5992,Petrol,34.7,14.2,21.8,8.1,19.9,13.0,520,,IV,74.0,*,,*,*
LAMBORGHINI,Diablo Model Year 2003,Roadster L144,M5,5992,Petrol,34.7,14.2,21.8,8.1,19.9,13.0,520,,IV,74.0,*,,*,*
LEXUS,GS,GS430,A5,4293,Petrol,17.3,9.4,12.3,16.3,30.1,23.0,296,854,IV,71.0,0.112,,0.041,0.051
LEXUS,LS,LS430,A5,4293,Petrol,17.5,8.9,12.0,16.1,31.7,23.5,289,836,IV,72.0,0.230,,0.040,0.020
LEXUS,SC,SC430,A5,4293,Petrol,17.2,9.0,12.0,16.4,31.4,23.5,287,836,IV,71.5,0.020,,0.040,0.030
MITSUBISHI,Colt Space Star,1.3 CLASSIC,M5,1299,Petrol,8.8,5.7,6.8,32.1,49.6,41.5,162,473,IV,73.0,0.230,,0.031,0.007
MITSUBISHI,Colt Space Star,1.3 MIRAGE,M5,1299,Petrol,8.8,5.7,6.8,32.1,49.6,41.5,162,473,IV,73.0,0.230,,0.031,0.007
MITSUBISHI,Colt Space Star,1.6 EQUIPPE,M5,1584,Petrol,9.3,6.0,7.2,30.4,47.2,39.2,171,501,IV,72.0,0.336,,0.044,0.010
MITSUBISHI,Colt Space Star,1.6 MIRAGE,M5,1584,Petrol,9.3,6.0,7.2,30.4,47.2,39.2,171,501,IV,72.0,0.336,,0.044,0.010
MITSUBISHI,Colt Space Star,1.6 EQUIPPE,A4,1584,Petrol,10.7,6.6,8.2,26.4,42.8,34.4,192,571,IV,73.0,0.275,,0.049,0.013
RENAULT,Avantime (all versions and trim levels),3.0 V6 24V From VIN DE0T06,M6,2946,Petrol,15.9,8.9,11.3,17.8,31.8,25.0,266,786,IV,72.8,0.728,,0.084,0.022
PROTON,Impian,1600,M5,1584,Petrol,9.0,5.4,6.7,31.4,52.5,42.2,161,465,IV,73.0,0.600,,0.010,0.011
PROTON,Impian,1600 X,M5,1584,Petrol,9.0,5.4,6.7,31.4,52.5,42.2,161,465,IV,73.0,0.600,,0.010,0.011
SEAT,Arosa,1.0 (50 bhp),M5,999,Petrol,7.8,4.7,5.8,36.2,60.1,48.7,139,403,IV,73.0,0.272,,0.042,0.046
SEAT,Arosa,1.4  MPI Auto (60 bhp),A4,1390,Petrol,10.0,6.1,7.5,28.2,46.3,37.7,180,521,IV,74.0,0.395,,0.066,0.011
SEAT,Arosa,1.4 16v Sport (100 bhp),M5,1390,Petrol,9.4,5.2,6.7,30.1,54.3,42.2,161,465,IV,73.0,0.677,,0.083,0.035
SEAT,New Ibiza (available from May 2002),1.2 (64 bhp),M5,1198,Petrol,7.7,5.1,6.0,36.7,55.4,47.1,144,417,IV,72.0,0.520,0.064,0.034,0.030
SEAT,New Ibiza (available from May 2002),1.4 16V (75 bhp),M5,1390,Petrol,8.9,5.3,6.5,31.7,53.3,43.5,156,451,IV,71.0,0.170,0.122,0.075,0.047
SEAT,New Ibiza (available from May 2002),1.4 16v (100 bhp),M5,1390,Petrol,9.5,5.6,7.0,29.7,50.4,40.4,168,486,IV,70.0,0.310,0.097,0.066,0.031
SEAT,Ibiza,1.4 (60 bhp),M5,1390,Petrol,9.0,5.4,6.7,31.4,52.3,42.2,161,465,IV,70.0,0.299,0.060,0.038,0.022
SEAT,Ibiza,1.6 (100 bhp),M5,1595,Petrol,11.0,6.1,7.9,25.7,46.3,35.8,190,549,IV,73.0,0.592,0.119,0.061,0.058
SEAT,Leon,1.4 16V (75 bhp),M5,1390,Petrol,9.1,5.5,6.8,31.0,51.4,41.5,163,473,IV,72.0,0.121,,0.040,0.074
SEAT,Leon,1.6 16V (105 bhp),M5,1598,Petrol,9.6,5.7,7.1,29.4,49.6,39.8,170,493,IV,71.0,0.353,,0.061,0.032
SEAT,Leon,1.8 Cupra 20VT (180 bhp),M6,1781,Petrol,11.8,6.6,8.5,23.9,42.8,33.2,204,592,IV,73.0,0.679,,0.060,0.043
SEAT,Toledo,V5 (170 bhp),M5,2324,Petrol,12.5,6.7,8.8,22.6,42.2,32.1,211,612,IV,73.0,0.460,,0.058,0.048
SEAT,Alhambra,2.0  (115 bhp),M6,1984,Petrol,13.0,7.6,9.6,21.7,37.2,29.4,230,668,IV,74.0,0.814,,0.067,0.070
SEAT,Alhambra,1.8 20V Turbo (150 bhp),M6,1781,Petrol,13.1,7.4,9.5,21.6,38.2,29.7,228,661,IV,74.0,0.545,,0.061,0.017
SEAT,Alhambra,1.8 20V Turbo Tiptronic (150 bhp),A5,1781,Petrol,14.5,8.4,10.6,19.5,33.6,26.6,254,738,IV,70.0,0.348,,0.091,0.050
SEAT,Alhambra,2.8 V6 Sport (204 bhp),M6,2792,Petrol,14.8,8.5,10.8,19.1,33.2,26.2,259,750,IV,73.0,0.280,,0.071,0.059
SKODA,Fabia Hatch,Classic 1.4 MPI (68 bhp),M5,1397,Petrol,9.8,5.6,7.2,28.8,50.4,39.2,173,501,IV,72.0,0.772,,0.084,0.049
SKODA,Fabia Hatch,Classic 1.4 16V (100 bhp),M5,1390,Petrol,9.7,5.6,7.1,29.1,50.4,39.8,170,493,IV,73.0,0.615,,0.089,0.020
SKODA,Fabia Hatch,Comfort 1.4 MPI (68 bhp),M5,1397,Petrol,9.8,5.6,7.2,28.8,50.4,39.2,173,501,IV,72.0,0.772,,0.084,0.049
SKODA,Fabia Hatch,Comfort 1.4 16V (75 bhp),A4,1390,Petrol,10.3,5.9,7.5,27.4,47.9,37.7,180,521,IV,72.0,0.199,,0.080,0.055
SKODA,Fabia Hatch,Comfort 1.4 16V (100 bhp),M5,1390,Petrol,9.7,5.6,7.1,29.1,50.4,39.8,170,493,IV,73.0,0.615,,0.089,0.020
SKODA,Fabia Hatch,Elegance 1.4 16V (75 bhp),A4,1390,Petrol,10.3,5.9,7.5,27.4,47.9,37.7,180,521,IV,72.0,0.199,,0.080,0.055
SKODA,Fabia Hatch,Elegance 1.4 16V (100 bhp),M5,1390,Petrol,9.7,5.6,7.1,29.1,50.4,39.8,170,493,IV,73.0,0.615,,0.089,0.020
SKODA,Fabia Hatch,Elegance 2.0 MPI (115 bhp),M5,1984,Petrol,10.9,5.9,7.7,25.9,47.9,36.7,185,535,IV,74.0,0.634,,0.055,0.046
SKODA,Fabia Estate,Classic 1.4 MPI (68 bhp),M5,1397,Petrol,9.8,5.6,7.2,28.8,50.4,39.2,173,501,IV,72.0,0.772,,0.084,0.049
SKODA,Fabia Estate,Classic 1.4 16V (100 bhp),M5,1390,Petrol,9.7,5.6,7.1,29.1,50.4,39.8,170,493,IV,73.0,0.615,,0.089,0.020
SKODA,Fabia Estate,Comfort 1.4 MPI (68 bhp),M5,1397,Petrol,9.8,5.6,7.2,28.8,50.4,39.2,173,501,IV,72.0,0.772,,0.084,0.049
SKODA,Fabia Estate,Comfort 1.4 16V (75 bhp),A4,1390,Petrol,10.4,6.0,7.6,27.2,47.1,37.2,182,528,IV,72.0,0.199,,0.080,0.055
SKODA,Fabia Estate,Comfort 1.4 16V (100 bhp),M5,1390,Petrol,9.7,5.6,7.1,29.1,50.4,39.8,170,493,IV,73.0,0.615,,0.089,0.020
SKODA,Fabia Estate,Elegance 1.4 16V (100 bhp),M5,1390,Petrol,9.7,5.6,7.1,29.1,50.4,39.8,170,493,IV,73.0,0.615,,0.089,0.020
SKODA,Fabia Estate,Elegance 2.0 MPI (115 bhp),M5,1984,Petrol,11.0,6.0,7.8,25.7,47.1,36.2,187,543,IV,73.0,0.634,,0.055,0.046
SKODA,Fabia Estate,Elegance 1.4 16V (75 bhp),A4,1390,Petrol,10.4,6.0,7.6,27.2,47.1,37.2,182,528,IV,72.0,0.199,,0.080,0.055
SKODA,Fabia Saloon,1.4 16V (75 bhp),A4,1390,Petrol,10.4,6.0,7.6,27.2,47.1,37.2,182,528,IV,71.0,0.199,,0.080,0.065
SKODA,Fabia Saloon,1.4 16V (100 bhp),M5,1390,Petrol,9.7,5.6,7.1,29.1,50.4,39.8,170,493,IV,73.0,0.615,,0.089,0.020
SKODA,Octavia Hatch,Classic 1.4 MPI 16V (75 bhp),M5,1390,Petrol,9.1,5.5,6.8,31.0,51.4,41.5,163,473,IV,71.0,0.121,,0.074,0.040
SKODA,Octavia Hatch,Classic 1.6 MPI (102 bhp),M5,1595,Petrol,10.0,5.6,7.2,28.2,50.4,39.2,173,501,IV,72.0,0.718,,0.053,0.033
SKODA,Octavia Hatch,Ambiente 1.6 MPI (102 bhp),M5,1595,Petrol,10.0,5.6,7.2,28.2,50.4,39.2,173,501,IV,72.0,0.718,,0.053,0.033
SKODA,Octavia Hatch,Ambiente 2.0 MPI (115 bhp) (available from Jan 02),A4,1984,Petrol,13.0,7.1,9.2,21.7,39.8,30.7,221,640,IV,73.0,0.352,,0.025,0.022
SKODA,Octavia Hatch,Ambiente 2.0 MPI (115 bhp),M5,1984,Petrol,11.3,6.2,8.1,25.0,45.6,34.9,194,563,IV,73.0,0.795,,0.068,0.029
SKODA,Octavia Hatch,Elegance 2.0 MPI (115 bhp) (available from Jan 02),A4,1984,Petrol,13.0,7.1,9.2,21.7,39.8,30.7,221,640,IV,72.0,0.352,,0.025,0.022
SKODA,Octavia Hatch,Elegance 2.0 MPI (115 bhp),M5,1984,Petrol,11.3,6.2,8.1,25.0,45.6,34.9,194,563,IV,73.0,0.795,,0.068,0.029
SKODA,Octavia Hatch,Elegance 2.0 MPI (115 bhp) (available from Jan 02),M5,1984,Petrol,11.3,6.2,8.1,25.0,45.6,34.9,194,563,IV,72.0,0.245,,0.014,0.020
SKODA,Octavia Hatch,Elegance 1.8 20v Turbo (150 bhp),M5,1781,Petrol,10.8,6.3,8.0,26.2,44.8,35.3,192,556,IV,71.0,0.667,,0.054,0.030
SKODA,Octavia Hatch,Elegance 1.8 20v Turbo (150 bhp),A4,1781,Petrol,12.9,7.0,9.1,21.9,40.4,31.0,218,634,IV,71.0,0.775,,0.051,0.026
SKODA,Octavia Hatch,RS 1.8 20v Turbo (180 bhp),M5,1781,Petrol,10.8,6.4,8.0,26.2,44.1,35.3,192,556,IV,72.0,0.775,,0.065,0.019
SKODA,Octavia Hatch,Laurin & Klement 1.8 20v Turbo (150 bhp),M5,1781,Petrol,10.8,6.3,8.0,26.2,44.8,35.3,192,556,IV,71.0,0.667,,0.054,0.030
SKODA,Octavia Hatch,Laurin & Klement 1.8 20v Turbo (150 bhp),A4,1781,Petrol,12.9,7.0,9.1,21.9,40.4,31.0,218,634,IV,71.0,0.775,,0.051,0.026
SKODA,Octavia Estate,Classic 1.6 MPI (102 bhp),M5,1595,Petrol,10.0,5.6,7.2,28.2,50.4,39.2,173,501,IV,72.0,0.718,,0.053,0.033
SKODA,Octavia Estate,Ambiente 1.6 MPI (102 bhp),M5,1595,Petrol,10.0,5.6,7.2,28.2,50.4,39.2,173,501,IV,72.0,0.718,,0.053,0.033
SKODA,Octavia Estate,Ambiente 2.0 MPI (115 bhp),M5,1984,Petrol,11.3,6.2,8.1,25.0,45.6,34.9,194,563,IV,73.0,0.795,,0.068,0.029
SKODA,Octavia Estate,Ambiente 2.0 MPI (115 bhp) (available from Jan 02),M5,1984,Petrol,11.3,6.2,8.1,25.0,45.6,34.9,194,563,IV,72.0,0.245,,0.014,0.020
SKODA,Octavia Estate,Ambiente 2.0 MPI (115 bhp) (available from Jan 02),A4,1984,Petrol,13.0,7.1,9.2,21.7,39.8,30.7,221,640,IV,72.0,0.352,,0.025,0.022
SKODA,Octavia Estate,Elegance 2.0 MPI (115 bhp),M5,1984,Petrol,11.3,6.2,8.1,25.0,45.6,34.9,194,563,IV,73.0,0.795,,0.068,0.029
SKODA,Octavia Estate,Elegance 2.0 MPI (115 bhp) (available from Jan 02),A4,1984,Petrol,13.0,7.1,9.2,21.7,39.8,30.7,221,640,IV,72.0,0.352,,0.025,0.022
SKODA,Octavia Estate,Elegance 2.0 MPI (115 bhp) (available from Jan 02),M5,1984,Petrol,11.3,6.2,8.1,25.0,45.6,34.9,194,563,IV,72.0,0.245,,0.014,0.020
SKODA,Octavia Estate,Elegance 1.8 20v Turbo (150 bhp),M5,1781,Petrol,10.8,6.3,8.0,26.2,44.8,35.3,192,556,IV,71.0,0.667,,0.054,0.030
SKODA,Octavia Estate,Elegance 1.8 20v Turbo (150 bhp),A4,1781,Petrol,13.0,7.1,9.2,21.7,39.8,30.7,221,640,IV,71.0,0.775,,0.051,0.026
SKODA,Octavia Estate,Laurin & Klement 1.8 20v Turbo (150 bhp),M5,1781,Petrol,10.8,6.3,8.0,26.2,44.8,35.3,192,556,IV,71.0,0.667,,0.054,0.030
SKODA,Octavia Estate,Laurin & Klement 1.8 20v Turbo (150 bhp),A4,1781,Petrol,13.0,7.1,9.2,21.7,39.8,30.7,221,640,IV,71.0,0.775,,0.051,0.026
SKODA,Superb,Classic 2.0 115 bhp ,M5,1984,Petrol,12.1,6.6,8.6,23.3,42.8,32.8,206,599,IV,73.0,0.337,,0.023,0.016
SKODA,Superb,Classic 2.8 V6 193 bhp ,M5,2771,Petrol,14.4,7.4,10.0,19.6,38.2,28.2,240,696,IV,74.0,0.422,,0.035,0.029
SKODA,Superb,Comfort 1.8 T 150 bhp ,M5,1781,Petrol,11.5,6.5,8.3,24.6,43.5,34.0,202,578,IV,73.0,0.350,,0.032,0.037
SKODA,Superb,Elegance 2.8 V6 193 bhp ,M5,2771,Petrol,14.4,7.4,10.0,19.6,38.2,28.2,240,696,IV,74.0,0.422,,0.035,0.029
SKODA,Superb,Elegance 2.8 V6 193 bhp ,A5,2771,Petrol,16.0,7.9,10.9,17.7,35.8,25.9,262,758,IV,74.0,0.389,,0.038,0.023
TOYOTA,Avensis,1.8 VVT-i Saloon/Liftback,M5,1794,Petrol,9.9,6.0,7.4,28.5,47.1,38.2,176,514,IV,73.0,0.540,,0.040,0.020
TOYOTA,Avensis,1.8 VVT-i Saloon,A4,1794,Petrol,11.0,6.4,8.1,25.7,44.1,34.9,194,563,IV,71.0,0.390,,0.060,0.010
TOYOTA,Avensis,1.8 VVT-i Liftback,A4,1794,Petrol,11.2,6.5,8.3,25.2,43.5,34.0,197,578,IV,71.0,0.390,,0.060,0.010
TOYOTA,Avensis,1.8 VVT-i Estate,M5,1794,Petrol,10.0,6.2,7.6,28.2,45.6,37.2,182,528,IV,73.0,0.540,,0.040,0.020
TOYOTA,Corolla,1.4 VVT-i 3 & 5 door,M5,1398,Petrol,8.4,5.7,6.7,33.6,49.6,42.2,159,465,IV,70.0,0.470,,0.070,0.020
TOYOTA,Corolla,1.4 VVT-i 4 door,M5,1398,Petrol,8.4,5.7,6.7,33.6,49.6,42.2,159,465,IV,70.0,0.470,,0.070,0.020
TOYOTA,Corolla,1.6 VVT-i 3 & 5 door,M5,1598,Petrol,9.0,5.9,7.0,31.4,47.9,40.4,168,486,IV,71.0,0.550,,0.060,0.030
TOYOTA,Corolla,1.6 VVT-i 3 & 5 door,A4,1598,Petrol,10.6,6.4,7.9,26.6,44.1,35.8,190,549,IV,70.0,0.450,,0.050,0.020
TOYOTA,Corolla,1.6 VVT-i 4 door,M5,1598,Petrol,9.0,5.9,7.0,31.4,47.9,40.4,168,486,IV,70.0,0.550,,0.060,0.030
TOYOTA,Corolla,1.6 VVT-i 4 door,A4,1598,Petrol,10.5,6.3,7.8,26.9,44.8,36.2,188,543,IV,70.0,0.450,,0.050,0.020
TOYOTA,Corolla,1.6 VVT-I Estate,M5,1598,Petrol,9.2,6.0,7.2,30.7,47.1,39.2,172,501,IV,71.0,0.550,,0.060,0.030
TOYOTA,Corolla,Verso 1.6 VVT-I,M5,1598,Petrol,9.4,6.2,7.3,30.1,45.6,38.7,174,507,IV,70.0,0.560,,0.060,0.030
TOYOTA,Prius,1.5 VVT-I Hybrid,Hybrid,1497,Pet Hybrid,5.9,4.6,5.1,47.9,61.4,55.4,120,354,IV,71.0,0.630,,0.050,0.050
VAUXHALL,"Agila, Model Year 2001",1.0i 12v,M5,973,Petrol,7.5,5.6,6.3,37.7,50.4,44.8,151,438,IV,72.0,0.403,0.115,0.064,0.051
VAUXHALL,"Agila, Model Year 2001",1.2i 16v,M5,1199,Petrol,8.0,5.7,6.5,35.3,49.6,43.5,156,451,IV,73.0,0.348,0.087,0.055,0.032
VAUXHALL,"Agila, Model Year 2001",1.0i 12v,M5,973,Petrol,7.7,5.6,6.4,36.7,50.4,44.1,154,445,IV,72.0,0.403,,0.064,0.051
VAUXHALL,"Agila, Model Year 2001",1.2i 16v,M5,1199,Petrol,8.0,5.7,6.5,35.3,49.6,43.5,156,451,IV,73.0,0.348,,0.055,0.032
VAUXHALL,"Corsa, Model Year 2002",1.0 12v,M5,973,Petrol,7.2,4.7,5.6,39.2,60.1,50.4,135,390,IV,71.0,0.342,,0.060,0.048
VAUXHALL,"Corsa, Model Year 2002","1.2i 16v FDR=3,74",M5,1199,Petrol,8.2,5.2,6.3,34.4,54.3,44.8,151,438,IV,71.0,0.211,,0.052,0.031
VAUXHALL,"Corsa, Model Year 2002","1.2i 16v FDR=3,94",M5,1199,Petrol,8.4,5.3,6.4,33.6,53.3,44.1,154,445,IV,72.0,0.211,,0.052,0.031
VAUXHALL,"Corsa, Model Year 2002",1.2i 16v,MTA,1199,Petrol,8.0,5.2,6.2,35.3,54.3,45.6,149,431,IV,73.0,0.253,,0.054,0.029
VAUXHALL,"Corsa, Model Year 2002",1.4i 16v,M5,1389,Petrol,9.8,5.7,7.2,28.8,49.6,39.2,173,501,IV,72.0,0.371,,0.045,0.026
VAUXHALL,"Corsa, Model Year 2002",1.4i 16v (3 door),MTA,1389,Petrol,11.2,6.0,7.9,25.2,47.1,35.8,190,549,IV,72.0,0.287,,0.065,0.057
VAUXHALL,"Corsa, Model Year 2002",1.4i 16v (5 door),MTA,1389,Petrol,11.3,6.1,8.0,25.0,46.3,35.3,192,556,IV,72.0,0.287,,0.065,0.057
VAUXHALL,"Corsa, Model Year 2002",1.8i 16v,M5,1796,Petrol,11.2,6.0,7.9,25.2,47.1,35.8,190,549,IV,74.0,0.657,,0.047,0.011
VAUXHALL,"Astra, Model Year 2001",1.4i 16v Estate,M5,1389,Petrol,9.9,6.1,7.5,28.5,46.3,37.7,180,521,IV,73.0,0.247,0.117,0.094,0.023
VAUXHALL,"Astra, Model Year 2001",1.4i 16v Hatch,M5,1389,Petrol,9.7,5.8,7.2,29.1,48.7,39.2,173,501,IV,73.0,0.247,0.117,0.094,0.023
VAUXHALL,"Astra, Model Year 2001",1.6i Estate,M5,1598,Petrol,9.8,5.8,7.3,28.8,48.7,38.7,175,507,IV,72.0,0.695,0.073,0.054,0.019
VAUXHALL,"Astra, Model Year 2001",1.6i Estate,A4,1598,Petrol,11.4,6.6,8.4,24.8,42.8,33.6,201,584,IV,71.0,0.357,0.073,0.044,0.029
VAUXHALL,"Astra, Model Year 2001",1.6i 16v Estate,M5,1598,Petrol,9.7,5.8,7.2,29.1,48.7,39.2,172,501,IV,72.0,0.219,0.063,0.037,0.026
VAUXHALL,"Astra, Model Year 2001",1.6i 16v Estate,A4,1598,Petrol,10.7,6.2,7.9,26.4,45.6,35.8,190,549,IV,72.0,0.318,0.085,0.044,0.041
VAUXHALL,"Astra, Model Year 2001",1.6i Hatch/Saloon,M5,1598,Petrol,9.6,5.6,7.1,29.4,50.4,39.8,171,493,IV,72.0,0.695,0.073,0.054,0.019
VAUXHALL,"Astra, Model Year 2001",1.6i 3 Door Hatch,A4,1598,Petrol,11.2,6.3,8.1,25.2,44.8,34.9,195,563,IV,71.0,0.357,0.073,0.044,0.029
VAUXHALL,"Astra, Model Year 2001",1.6i 5 Door Hatch/Saloon,A4,1598,Petrol,11.3,6.4,8.2,25.0,44.1,34.4,197,571,IV,71.0,0.357,0.073,0.044,0.029
VAUXHALL,"Astra, Model Year 2001",1.6i 16v 3 Door Hatch,M5,1598,Petrol,9.5,5.5,7.0,29.7,51.4,40.4,168,486,IV,72.0,0.487,0.056,0.030,0.026
VAUXHALL,"Astra, Model Year 2001",1.6i 16v 5 Door Hatch/Saloon,M5,1598,Petrol,9.6,5.6,7.1,29.4,50.4,39.8,171,493,IV,72.0,0.695,0.073,0.054,0.019
VAUXHALL,"Astra, Model Year 2001",1.6i 16v Hatch/Saloon,A4,1598,Petrol,10.6,6.0,7.7,26.6,47.1,36.7,185,535,IV,72.0,0.318,0.085,0.044,0.041
VAUXHALL,"Astra, Model Year 2001",1.8i 16v Estate,M5,1796,Petrol,11.1,6.2,8.0,25.4,45.6,35.3,192,556,IV,73.0,0.627,0.043,0.035,0.008
VAUXHALL,"Astra, Model Year 2001",1.8i 16v Estate,A4,1796,Petrol,12.1,6.8,8.8,23.3,41.5,32.1,211,612,IV,71.0,0.486,0.050,0.037,0.013
VAUXHALL,"Astra, Model Year 2001",1.8i 16v Hatch/Saloon,M5,1796,Petrol,11.0,6.0,7.8,25.7,47.1,36.2,187,543,IV,73.0,0.627,0.043,0.035,0.008
VAUXHALL,"Astra, Model Year 2001",1.8i 16v Hatch/Saloon,A4,1796,Petrol,12.0,6.6,8.6,23.5,42.8,32.8,207,599,IV,71.0,0.486,0.050,0.037,0.013
VAUXHALL,"Astra, Model Year 2001",2.2i 16v Hatch,M5,2198,Petrol,12.0,6.3,8.4,23.5,44.8,33.6,202,584,IV,74.0,0.755,0.069,0.043,0.026
VAUXHALL,"Astra, Model Year 2002",1.4i 16v (Estate),M5,1389,Petrol,9.9,6.1,7.5,28.5,46.3,37.7,180,521,IV,73.0,0.247,,0.094,0.023
VAUXHALL,"Astra, Model Year 2002",1.4i 16v (Hatchback),M5,1389,Petrol,9.7,5.8,7.2,29.1,48.7,39.2,173,501,IV,73.0,0.247,,0.094,0.023
VAUXHALL,"Astra, Model Year 2002",1.6i 16v (4 & 5 door),A4,1598,Petrol,10.6,6.0,7.7,26.6,47.1,36.7,185,535,IV,72.0,0.318,,0.044,0.041
VAUXHALL,"Astra, Model Year 2002",1.6i 16v (Estate),A4,1598,Petrol,10.7,6.2,7.9,26.4,45.6,35.8,190,549,IV,72.0,0.318,,0.044,0.041
VAUXHALL,"Astra, Model Year 2002",1.6i 8v (3 door),A4,1598,Petrol,11.2,6.3,8.1,25.2,44.8,34.9,195,563,IV,71.0,0.357,,0.044,0.029
VAUXHALL,"Astra, Model Year 2002",1.6i 8v (4 & 5 door),A4,1598,Petrol,11.3,6.4,8.2,25.0,44.1,34.4,197,571,IV,71.0,0.357,,0.044,0.029
VAUXHALL,"Astra, Model Year 2002",1.6i 8v (Estate),A4,1598,Petrol,11.4,6.6,8.4,24.8,42.8,33.6,201,584,IV,71.0,0.357,,0.044,0.029
VAUXHALL,"Astra, Model Year 2002",1.6i 16v (3 door),M5,1598,Petrol,9.5,5.5,7.0,29.7,51.4,40.4,168,486,IV,72.0,0.219,,0.037,0.026
VAUXHALL,"Astra, Model Year 2002",1.6i 16v (4 & 5 door),M5,1598,Petrol,9.6,5.6,7.1,29.4,50.5,39.8,171,493,IV,72.0,0.219,,0.037,0.026
VAUXHALL,"Astra, Model Year 2002",1.6i 16v (Estate),M5,1598,Petrol,9.7,5.8,7.2,29.1,48.7,39.2,172,501,IV,72.0,0.219,,0.037,0.026
VAUXHALL,"Astra, Model Year 2002","1.6i 8v (3, 4 & 5 door)",M5,1598,Petrol,9.6,5.6,7.1,29.4,50.4,39.8,171,493,IV,72.0,0.695,,0.054,0.019
VAUXHALL,"Astra, Model Year 2002",1.6i 8v (Estate),M5,1598,Petrol,9.8,5.8,7.3,28.8,48.7,38.7,175,507,IV,72.0,0.695,,0.054,0.019
VAUXHALL,"Astra, Model Year 2002",1.8i 16v (4 & 5 door),A4,1796,Petrol,12.0,6.6,8.6,23.5,42.8,32.8,207,599,IV,71.0,0.486,,0.037,0.013
VAUXHALL,"Astra, Model Year 2002",1.8i 16v (Estate),A4,1796,Petrol,12.1,6.8,8.8,23.3,41.5,32.1,211,612,IV,71.0,0.486,,0.037,0.013
VAUXHALL,"Astra, Model Year 2002","1.8i 16v (3, 4 & 5 door)",M5,1796,Petrol,11.0,6.1,7.9,25.7,46.3,35.8,190,549,IV,73.0,0.627,,0.035,0.008
VAUXHALL,"Astra, Model Year 2002",1.8i 16v (Estate),M5,1796,Petrol,11.1,6.2,8.0,25.4,45.6,35.3,192,556,IV,73.0,0.627,,0.035,0.008
VAUXHALL,"Astra, Model Year 2002",2.2i 16v,M5,2198,Petrol,12.0,6.3,8.4,23.5,44.8,33.6,202,584,IV,74.0,0.755,,0.043,0.026
VAUXHALL,"Astra Coupé, Model Year 2001",1.8i 16v,M5,1796,Petrol,11.0,6.0,7.8,25.7,47.1,36.2,187,543,IV,73.0,0.627,0.043,0.035,0.008
VAUXHALL,"Astra Coupé, Model Year 2001",2.0i 16v turbo,M5,1998,Petrol,12.5,6.8,8.9,22.6,41.5,31.7,214,620,IV,74.0,0.627,0.043,0.035,0.008
VAUXHALL,"Astra Coupé, Model Year 2001",2.2i 16v,M5,2198,Petrol,12.0,6.3,8.4,23.5,44.8,33.6,202,584,IV,74.0,0.755,0.069,0.043,0.026
VAUXHALL,"Astra Coupé, Model Year 2001",2.2i 16v,A4,2198,Petrol,11.9,6.7,8.6,23.7,42.2,32.8,207,599,IV,73.0,0.522,0.124,0.061,0.063
VAUXHALL,"Astra Convertible, Model Year 2002",1.6i 16v,M5,1598,Petrol,9.9,5.8,7.3,28.5,48.7,38.7,175,507,IV,72.0,0.219,,0.037,0.026
VAUXHALL,"Astra Convertible, Model Year 2002",1.8i 16v,M5,1796,Petrol,11.1,6.2,8.0,25.4,45.6,35.3,192,556,IV,73.0,0.627,,0.035,0.008
VAUXHALL,"Astra Convertible, Model Year 2002",2.0i 16v turbo,M5,1998,Petrol,12.8,7.0,9.1,22.1,40.4,31.0,219,634,IV,73.0,0.179,,0.050,0.038
VAUXHALL,"Astra Convertible, Model Year 2002",2.2i 16v,M5,2198,Petrol,12.3,6.6,8.7,23.0,42.8,32.5,209,604,IV,74.0,0.755,,0.043,0.026
VAUXHALL,"Astra Convertible, Model Year 2002",2.2i 16v,A4,2198,Petrol,12.2,7.0,8.9,23.2,40.4,31.7,214,620,IV,73.0,0.552,,0.061,0.063
VAUXHALL,"Astra Coupé, Model Year 2002",1.8i 16v,M5,1796,Petrol,11.0,6.1,7.9,25.7,46.3,35.8,190,549,IV,73.0,0.627,,0.035,0.008
VAUXHALL,"Astra Coupé, Model Year 2002",2.0i 16v turbo,M5,1998,Petrol,12.5,6.8,8.9,22.6,41.5,31.7,214,620,IV,73.0,0.179,,0.050,0.038
VAUXHALL,"Astra Coupé, Model Year 2002",2.2i 16v,M5,2198,Petrol,12.0,6.3,8.4,23.5,44.8,33.6,202,584,IV,74.0,0.755,,0.043,0.026
VAUXHALL,"Astra Coupé, Model Year 2002",2.2i 16v,A4,2198,Petrol,11.9,6.7,8.6,23.7,42.2,32.8,207,599,IV,73.0,0.552,,0.061,0.063
VAUXHALL,"Omega, Model Year 2001",2.2i 16v Estate,M5,2198,Petrol,14.1,7.3,9.8,20.0,38.7,28.8,236,682,IV,74.0,0.406,0.100,0.064,0.036
VAUXHALL,"Omega, Model Year 2001",2.2i 16v Saloon,M5,2198,Petrol,14.0,7.1,9.6,20.2,39.8,29.4,231,668,IV,74.0,0.406,0.100,0.064,0.036
VAUXHALL,"Vectra, Model Year 2001",1.6i 16v Hatch/Saloon,M5,1598,Petrol,9.8,5.6,7.1,28.8,50.4,39.8,171,493,IV,72.0,0.273,0.062,0.043,0.019
VAUXHALL,"Vectra, Model Year 2001",1.6i 16v Hatch/Saloon,A4,1598,Petrol,11.3,6.2,8.1,25.0,45.6,34.9,195,563,IV,71.0,0.418,0.104,0.038,0.066
VAUXHALL,"Vectra, Model Year 2001",1.8i 16v Estate  (exc. SXi/SRi),M5,1798,Petrol,10.8,6.0,7.8,26.2,47.1,36.2,187,543,IV,72.0,0.784,0.074,0.063,0.011
VAUXHALL,"Vectra, Model Year 2001",1.8i 16v Estate SXi/SRi,M5,1798,Petrol,11.1,6.2,8.0,25.4,45.6,35.3,192,556,IV,72.0,0.503,0.047,0.035,0.012
VAUXHALL,"Vectra, Model Year 2001",1.8i 16v Estate,A4,1798,Petrol,12.2,6.8,8.8,23.2,41.5,32.1,211,612,IV,72.0,0.693,0.082,0.066,0.016
VAUXHALL,"Vectra, Model Year 2001",1.8i 16v Hatch/Saloon (exc. SXi/SRi),M5,1798,Petrol,10.7,5.8,7.6,26.4,48.7,37.2,183,528,IV,72.0,0.784,0.074,0.063,0.011
VAUXHALL,"Vectra, Model Year 2001",1.8i 16v Hatch/Saloon SXi/SRi,M5,1798,Petrol,11.0,6.0,7.8,25.7,47.1,36.2,187,543,IV,72.0,0.503,0.047,0.035,0.012
VAUXHALL,"Vectra, Model Year 2001",1.8i 16v Hatch/Saloon,A4,1798,Petrol,12.1,6.6,8.6,23.3,42.8,32.8,207,599,IV,72.0,0.693,0.082,0.066,0.016
VAUXHALL,"Vectra, Model Year 2001",2.2i 16v Estate,M5,2198,Petrol,12.1,6.5,8.6,23.3,43.5,32.8,207,599,IV,73.0,0.904,0.124,0.076,0.048
VAUXHALL,"Vectra, Model Year 2001",2.2i 16v Estate,A4,2198,Petrol,13.2,7.0,9.3,21.4,40.4,30.4,224,646,IV,73.0,0.457,0.096,0.048,0.048
VAUXHALL,"Vectra, Model Year 2001",2.2i 16v Hatch/Saloon,M5,2198,Petrol,12.0,6.3,8.4,23.5,44.8,33.6,202,584,IV,73.0,0.904,0.124,0.076,0.048
VAUXHALL,"Vectra, Model Year 2001",2.2i 16v Hatch/Saloon,A4,2198,Petrol,13.1,6.8,9.1,21.6,41.5,31.8,219,618,IV,73.0,0.417,0.096,0.048,0.048
VAUXHALL,"VX220, Model Year 2001",VX220,M5,2198,Petrol,12.3,6.4,8.5,23.0,44.0,33.3,205,590,IV,74.0,0.366,0.059,0.016,0.043
VAUXHALL,"VX220, Model Year 2002",2.2i 16v,M5,2198,Petrol,12.3,6.4,8.5,23.0,44.1,33.2,205,592,IV,73.0,0.367,,0.016,0.043
VAUXHALL,"Zafira, Model Year 2001",1.6i 16v,M5,1598,Petrol,10.3,6.5,7.9,27.4,43.5,35.8,190,549,IV,73.0,0.219,0.063,0.037,0.026
VAUXHALL,"Zafira, Model Year 2001",1.8i 16v,M5,1796,Petrol,11.4,6.9,8.6,24.8,40.9,32.8,207,599,IV,73.0,0.627,0.043,0.035,0.008
VAUXHALL,"Zafira, Model Year 2001",1.8i 16v,A4,1796,Petrol,12.4,7.2,9.1,22.8,39.2,31.0,219,634,IV,71.0,0.486,0.050,0.037,0.013
VAUXHALL,"Zafira, Model Year 2001",2.2i 16v,M5,2198,Petrol,12.2,7.0,8.9,23.2,40.4,31.7,214,620,IV,74.0,0.755,0.069,0.043,0.026
VAUXHALL,"Zafira, Model Year 2001",2.2i 16v,A4,2198,Petrol,13.1,7.4,9.5,21.6,38.2,29.7,228,661,IV,73.0,0.552,0.124,0.061,0.063
VAUXHALL,"Zafira, Model Year 2002",1.6i 16v,M5,1598,Petrol,10.3,6.5,7.9,27.4,43.5,35.8,190,549,IV,73.0,0.219,,0.037,0.026
VAUXHALL,"Zafira, Model Year 2002",1.8i 16v,A4,1796,Petrol,12.4,7.2,9.1,22.8,39.2,31.0,219,634,IV,71.0,0.486,,0.037,0.013
VAUXHALL,"Zafira, Model Year 2002",1.8i 16v,M5,1796,Petrol,11.4,6.9,8.6,24.8,40.9,32.8,207,599,IV,73.0,0.627,,0.035,0.008
VAUXHALL,"Zafira, Model Year 2002",2.0i 16v turbo,M5,1998,Petrol,13.8,7.9,10.1,20.5,35.8,28.0,243,701,IV,74.0,0.390,,0.073,0.047
VAUXHALL,"Zafira, Model Year 2002",2.2i 16v,A4,2198,Petrol,13.1,7.4,9.5,21.6,38.2,29.7,228,661,IV,73.0,0.552,,0.061,0.063
VAUXHALL,"Zafira, Model Year 2002",2.2i 16v,M5,2198,Petrol,12.2,7.0,8.9,23.2,40.4,31.7,214,620,IV,74.0,0.755,,0.043,0.026
VOLKSWAGEN,Lupo,1.0 (50 bhp),M5,999,Petrol,7.8,4.7,5.8,36.2,60.1,48.7,139,403,IV,72.5,0.209,,0.071,0.025
VOLKSWAGEN,Lupo,1.4 (75 bhp),M5,1390,Petrol,8.7,4.9,6.3,32.5,57.6,44.8,151,438,IV,72.5,0.294,,0.067,0.030
VOLKSWAGEN,Lupo,1.4 (75 bhp),A4,1390,Petrol,10.1,5.7,7.3,28.0,49.6,38.7,175,507,IV,71.0,0.203,,0.089,0.025
VOLKSWAGEN,Lupo,1.4 (100 bhp),M5,1390,Petrol,9.6,5.2,6.8,29.4,54.3,41.5,163,473,IV,73.0,0.283,,0.061,0.014
VOLKSWAGEN,Lupo,1.6 16v GTI (125 bhp),M6,1598,Petrol,10.5,5.6,7.4,26.9,50.4,38.2,178,514,IV,74.0,0.293,,0.076,0.040
VOLKSWAGEN,Polo (available from February 2002),1.2 (55 bhp),M5,1198,Petrol,7.9,4.8,6.0,35.8,58.9,47.1,144,417,IV,72.0,0.474,,0.032,0.015
VOLKSWAGEN,Polo (available from February 2002),1.2  (65 bhp),M5,1198,Petrol,7.7,5.1,6.0,36.7,55.4,47.1,144,417,IV,72.0,0.680,,0.030,0.042
VOLKSWAGEN,Polo (available from February 2002),1.4 (75 bhp) ,M5,1390,Petrol,8.9,5.3,6.5,31.7,53.3,43.5,156,451,IV,72.0,0.165,,0.075,0.047
VOLKSWAGEN,Polo (available from February 2002),1.4 (75 bhp),A4,1390,Petrol,10.4,6.0,7.6,27.2,47.1,37.2,182,528,IV,69.0,0.096,,0.092,0.064
VOLKSWAGEN,Polo (available from February 2002),1.4 (100 bhp),M5,1390,Petrol,9.5,5.6,7.0,29.7,50.4,40.4,168,486,IV,71.0,0.307,,0.066,0.031
VOLKSWAGEN,Golf  Hatchback (3 Door),1.4 (75 bhp),M5,1390,Petrol,9.1,5.5,6.8,31.0,51.4,41.5,163,473,IV,72.0,0.121,,0.074,0.040
VOLKSWAGEN,Golf  Hatchback (3 Door),2.0 (115 bhp),M5,1984,Petrol,11.3,6.2,8.1,25.0,45.6,34.9,194,563,IV,72.0,0.245,,0.014,0.020
VOLKSWAGEN,Golf  Hatchback (3 Door),1.8T GTI (150 bhp),M5,1781,Petrol,10.8,6.3,8.0,26.2,44.8,35.3,192,556,IV,71.0,0.667,,0.054,0.030
VOLKSWAGEN,Golf  Hatchback (3 Door),V5 (170 bhp),A5,2324,Petrol,13.8,7.3,9.7,20.5,38.7,29.1,233,675,IV,73.0,0.661,,0.079,0.017
VOLKSWAGEN,Golf  Hatchback (3 Door),V5 (170 bhp),M5,2324,Petrol,12.5,6.7,8.8,22.6,42.2,32.1,211,612,IV,72.0,0.461,,0.058,0.048
VOLKSWAGEN,Golf  Hatchback (3 Door),V6 4MOTION (204 bhp),QM6,2792,Petrol,15.7,8.2,11.0,18.0,34.4,25.7,264,764,IV,74.0,0.473,,0.059,0.025
VOLKSWAGEN,Golf Hatchback (5 Door),1.4 (75 bhp),M5,1390,Petrol,9.1,5.5,6.8,31.0,51.4,41.5,163,473,IV,72.0,0.121,,0.074,0.040
VOLKSWAGEN,Golf Hatchback (5 Door),1.6 (102 bhp),A4,1595,Petrol,11.5,6.4,8.3,24.6,44.1,34.0,199,578,IV,67.0,0.480,,0.058,0.044
VOLKSWAGEN,Golf Hatchback (5 Door),1.6 (105 bhp),M5,1598,Petrol,9.5,5.7,7.1,29.7,49.6,39.8,170,493,IV,71.0,0.504,,0.083,0.047
VOLKSWAGEN,Golf Hatchback (5 Door),2.0 (115 bhp),M5,1984,Petrol,11.3,6.2,8.1,25.0,45.6,34.9,194,563,IV,72.0,0.245,,0.014,0.020
VOLKSWAGEN,Golf Hatchback (5 Door),1.8T GTI (150 bhp),M5,1781,Petrol,10.8,6.3,8.0,26.2,44.8,35.3,192,556,IV,71.0,0.667,,0.054,0.030
VOLKSWAGEN,Golf Hatchback (5 Door),V5 (170 bhp),M5,2324,Petrol,12.5,6.7,8.8,22.6,42.2,32.1,211,612,IV,72.0,0.461,,0.058,0.048
VOLKSWAGEN,Golf Hatchback (5 Door),V5 Tiptronic (170 bhp),A5,2324,Petrol,13.9,7.4,9.8,20.3,38.2,28.8,235,682,IV,73.0,0.661,,0.079,0.017
VOLKSWAGEN,Golf Hatchback (5 Door),V6 4MOTION,QM6,2792,Petrol,15.8,8.3,11.1,17.9,34.0,25.4,266,773,IV,74.0,0.473,,0.059,0.025
VOLKSWAGEN,Golf Estate,1.4 (75 bhp),M5,1390,Petrol,9.3,5.6,7.0,30.4,50.4,40.4,168,486,IV,72.0,0.121,,0.074,0.040
VOLKSWAGEN,Golf Estate,1.6 (102 bhp),A4,1595,Petrol,11.6,6.5,8.4,24.4,43.5,33.6,202,584,IV,67.0,0.480,,0.058,0.044
VOLKSWAGEN,Golf Estate,1.6 (105 bhp),M5,1598,Petrol,9.5,5.7,7.1,29.7,49.6,39.8,170,493,IV,71.0,0.504,,0.083,0.047
VOLKSWAGEN,Golf Estate,1.8T GTI (150 bhp),M5,1781,Petrol,10.9,6.4,8.1,25.9,44.1,34.9,194,563,IV,71.0,0.667,,0.054,0.030
VOLKSWAGEN,Golf Estate,2.0 (115 bhp),A4,1984,Petrol,13.1,7.2,9.3,21.6,39.2,30.4,223,646,IV,71.0,0.391,,0.047,0.026
VOLKSWAGEN,Golf Estate,2.0 (115 bhp),M5,1984,Petrol,11.4,6.3,8.2,24.8,44.8,34.4,197,571,IV,72.0,0.245,,0.014,0.020
VOLKSWAGEN,Golf Cabriolet,2.0 (115 bhp),M5,1984,Petrol,11.3,6.3,8.1,25.0,44.8,34.9,194,563,IV,72.0,0.569,,0.064,0.032
VOLKSWAGEN,Bora,1.6 (102 bhp),A4,1595,Petrol,11.5,6.4,8.3,24.6,44.1,34.0,199,578,IV,67.0,0.480,,0.058,0.044
VOLKSWAGEN,Bora,1.6 (105 bhp),M5,1598,Petrol,9.5,5.7,7.1,29.7,49.6,39.8,170,493,IV,71.0,0.468,,0.088,0.041
VOLKSWAGEN,Bora,2.0 (115 bhp),M5,1984,Petrol,11.4,6.3,8.2,24.8,44.8,34.4,197,571,IV,72.0,0.245,,0.014,0.020
VOLKSWAGEN,Bora,2.0 (115 bhp),A4,1984,Petrol,13.0,7.1,9.2,21.7,39.8,30.7,221,640,IV,71.0,0.391,,0.047,0.026
VOLKSWAGEN,Bora,1.8T (150 bhp),M5,1781,Petrol,10.8,6.3,8.0,26.2,44.8,35.3,192,556,IV,71.0,0.667,,0.054,0.030
VOLKSWAGEN,Bora,V5 (170 bhp),M5,2324,Petrol,12.6,6.8,8.9,22.4,41.5,31.7,214,620,IV,72.0,0.461,,0.058,0.048
VOLKSWAGEN,Bora,V5 Tipronic (170 bhp),A5,2324,Petrol,13.9,7.4,9.8,20.3,38.2,28.8,235,682,IV,73.0,0.661,,0.079,0.017
VOLKSWAGEN,Bora,V6 4MOTION (204 bhp),QM6,2792,Petrol,15.8,8.3,11.1,17.9,34.0,25.4,266,773,IV,74.0,0.473,,0.059,0.025
VOLKSWAGEN,Beetle,1.6 (102 bhp),M5,1598,Petrol,10.5,6.0,7.7,26.9,47.1,36.7,185,535,IV,73.0,0.530,,0.055,0.031
VOLKSWAGEN,Beetle,1.6 (102 bhp),A4,1598,Petrol,11.5,6.5,8.3,24.6,43.5,34.0,199,578,IV,69.0,0.751,,0.068,0.040
VOLKSWAGEN,Beetle,2.0 (115 bhp),M5,1984,Petrol,11.9,6.8,8.7,23.7,41.5,32.5,209,604,IV,73.5,0.685,,0.068,0.030
VOLKSWAGEN,Beetle,1.8 20v Turbo (150 bhp),M5,1718,Petrol,11.1,6.5,8.2,25.4,43.5,34.4,197,571,IV,72.0,0.646,,0.047,0.017
VOLKSWAGEN,Beetle,1.8 20v Turbo (150 bhp),A4,1718,Petrol,12.9,7.1,9.2,21.9,39.8,30.7,221,640,IV,74.0,0.527,,0.041,0.029
VOLKSWAGEN,Beetle,2.3 V5 (170 bhp),M5,2324,Petrol,12.4,6.8,8.9,22.8,41.5,31.7,214,620,IV,74.0,0.490,,0.076,0.050
VOLKSWAGEN,Passat  Saloon,2.0 (115 bhp),A4,1984,Petrol,13.4,7.6,9.7,21.1,37.2,29.1,233,675,IV,71.0,0.536,,0.041,0.017
VOLKSWAGEN,Passat  Saloon,2.0 (115 bhp),M5,1984,Petrol,12.1,6.6,8.6,23.3,42.8,32.8,206,599,IV,73.0,0.337,,0.023,0.016
VOLKSWAGEN,Passat  Saloon,1.8 20v Turbo (150 bhp),M5,1781,Petrol,11.5,6.5,8.3,24.6,43.5,34.0,199,578,IV,72.0,0.350,,0.032,0.037
VOLKSWAGEN,Passat  Saloon,1.8 20v Turbo Tiptronic (150 bhp),A5,1781,Petrol,13.6,7.2,9.6,20.8,39.2,29.4,233,668,IV,71.0,0.392,,0.041,0.037
VOLKSWAGEN,Passat  Saloon,2.3 V5 Tiptronic (170 bhp),A5,2324,Petrol,15.0,7.1,9.9,18.8,39.8,28.5,238,689,IV,71.0,0.593,,0.065,0.040
VOLKSWAGEN,Passat  Saloon,2.3 V5 (170 bhp),M5,2324,Petrol,13.0,7.2,9.3,21.7,39.2,30.4,223,646,IV,71.0,0.468,,0.066,0.062
VOLKSWAGEN,Passat  Saloon,2.8 V6 4MOTION Tiptronic (193 bhp),QA5,2771,Petrol,16.4,8.0,11.1,17.2,35.3,25.4,266,773,IV,73.0,0.295,,0.052,0.012
VOLKSWAGEN,Passat  Saloon,2.8 V6 4MOTION (193 bhp),QM5,2771,Petrol,15.4,8.1,10.8,18.3,34.9,26.2,259,750,IV,72.0,0.275,,0.028,0.023
VOLKSWAGEN,Passat  Saloon,W8 Tiptronic (275 bhp),QA5,3999,Petrol,19.5,9.3,13.0,14.5,30.4,21.7,312,905,IV,72.0,0.698,,0.062,0.026
VOLKSWAGEN,Passat  Saloon,W8 (275 bhp),QM6,3999,Petrol,19.5,9.6,13.2,14.5,29.4,21.4,317,918,IV,74.0,0.757,,0.072,0.025
VOLKSWAGEN,Passat Estate,2.0  (115 bhp),A4,1984,Petrol,13.8,7.8,10.0,20.5,36.2,28.2,240,696,IV,71.0,0.536,,0.041,0.017
VOLKSWAGEN,Passat Estate,2.0  (115 bhp),M5,1984,Petrol,12.3,6.9,8.8,23.0,40.9,32.1,211,612,IV,73.0,0.337,,0.023,0.016
VOLKSWAGEN,Passat Estate,1.8 20v Turbo Tiptronic (150 bhp),A5,1781,Petrol,13.7,7.4,9.8,20.6,38.2,28.8,235,682,IV,71.0,0.392,,0.041,0.037
VOLKSWAGEN,Passat Estate,1.8 20v Turbo (150 bhp),M5,1781,Petrol,11.8,6.8,8.6,23.9,41.5,32.8,206,599,IV,72.0,0.350,,0.032,0.037
VOLKSWAGEN,Passat Estate,2.3 V5 (170 bhp),A5,2324,Petrol,15.3,7.3,10.3,18.5,38.7,27.4,247,717,IV,71.0,0.593,,0.065,0.040
VOLKSWAGEN,Passat Estate,2.3 V5 (170 bhp),M5,2324,Petrol,13.1,7.3,9.4,21.6,38.7,30.1,226,652,IV,71.0,0.468,,0.066,0.062
VOLKSWAGEN,Passat Estate,2.8 V6 4MOTION Tiptronic (193 bhp),QA5,2771,Petrol,16.7,8.2,11.3,16.9,34.4,25.0,271,786,IV,73.0,0.295,,0.052,0.012
VOLKSWAGEN,Passat Estate,2.8 V6 4MOTION (193 bhp),QM5,2771,Petrol,15.5,8.2,10.9,18.2,34.4,25.9,262,758,IV,72.0,0.275,,0.028,0.023
VOLKSWAGEN,Passat Estate,W8 Tiptronic  (275 bhp),QA5,3999,Petrol,19.6,9.5,13.2,14.4,29.7,21.4,317,918,IV,72.0,0.698,,0.062,0.026
VOLKSWAGEN,Passat Estate,W8 (275 bhp),QM6,3999,Petrol,19.5,9.7,13.3,14.5,29.1,21.2,319,926,IV,74.0,0.757,,0.072,0.025
VOLKSWAGEN,Sharan,2.0 (115 bhp),A4,1984,Petrol,14.8,8.7,11.0,19.1,32.5,25.7,264,764,IV,73.0,0.775,,0.088,0.066
VOLKSWAGEN,Sharan,2.0 (115 bhp),M6,1984,Petrol,13.1,7.7,9.7,21.6,36.7,29.1,233,675,IV,74.0,0.814,,0.067,0.070
VOLKSWAGEN,Sharan,1.8 20v Turbo Tiptronic (150 bhp),A5,1781,Petrol,14.7,8.6,10.8,19.2,32.8,26.2,259,750,IV,70.0,0.348,,0.091,0.050
VOLKSWAGEN,Sharan,1.8 20v Turbo (150 bhp),M6,1781,Petrol,13.3,7.6,9.7,21.2,37.2,29.1,233,675,IV,74.0,0.545,,0.061,0.017
VOLKSWAGEN,Sharan,2.8 V6 Tiptronic (204 bhp),A5,2792,Petrol,16.8,9.2,12.0,16.8,30.7,23.5,288,836,IV,73.0,0.449,,0.061,0.016
VOLKSWAGEN,Sharan,2.8 V6 (204 bhp),M6,2792,Petrol,14.8,8.5,10.8,19.1,33.2,26.2,259,750,IV,73.0,0.280,,0.071,0.059
VOLKSWAGEN,Sharan,2.8 V6 4MOTION (204 bhp),QM6,2792,Petrol,15.5,9.3,11.6,18.2,30.4,24.4,278,805,IV,74.0,0.348,,0.059,0.054
VOLKSWAGEN,Phaeton,W12,A5,5998,Petrol,23.9,10.9,15.6,11.8,25.9,18.1,374,1085,IV,72.0,0.060,,0.074,0.035
VOLKSWAGEN,Caddy Kombi,1.4 P (75 bhp),M5,1390,Petrol,9.9,6.7,7.9,28.5,42.2,35.8,190,549,IV,73.0,0.526,0.155,0.095,0.060
VOLVO,New V70 Model Year 2001 ,2.4 (170 bhp),M5,2435,Petrol,12.0,7.0,8.8,23.5,40.4,32.1,210,612,IV,72.0,0.636,0.072,0.047,0.025
VOLVO,New V70 Model Year 2001 ,2.4 (170 bhp),A5,2435,Petrol,13.2,7.2,9.4,21.4,39.2,30.1,224,652,IV,73.0,0.376,0.057,0.031,0.026
VOLVO,New V70 Model Year 2001 ,2.4 (140 bhp),M5,2435,Petrol,11.7,6.8,8.6,24.1,41.5,32.8,205,599,IV,73.0,0.558,0.054,0.037,0.017
VOLVO,New V70 Model Year 2001 ,2.4 (140 bhp),A5,2435,Petrol,13.1,7.1,9.3,21.6,39.8,30.4,222,646,IV,73.0,0.433,0.071,0.036,0.035
VOLVO,S80 Model Year 2001 ,2.9,M5,2922,Petrol,14.7,7.6,10.2,19.2,37.2,27.7,246,709,IV,71.0,0.187,0.071,0.061,0.010
VOLVO,S80 Model Year 2001 ,2.9,A4,2922,Petrol,15.3,7.6,10.4,18.5,37.2,27.2,251,722,IV,72.0,0.205,0.075,0.071,0.004
VOLVO,S80 Model Year 2001 ,2.4 (170 bhp),M5,2435,Petrol,12.0,6.9,8.8,23.5,40.9,32.1,210,612,IV,72.0,0.472,0.064,0.034,0.030
VOLVO,S80 Model Year 2001 ,2.4 (170 bhp),A5,2435,Petrol,13.3,7.1,9.4,21.2,39.8,30.1,224,652,IV,73.0,0.406,0.075,0.037,0.038
VOLVO,S80 Model Year 2001 ,2.4 (140 bhp),M5,2435,Petrol,11.8,6.7,8.6,23.9,42.2,32.8,205,599,IV,73.0,0.526,0.061,0.038,0.023
VOLVO,S80 Model Year 2001 ,2.4 (140 bhp),A5,2435,Petrol,13.3,7.0,9.3,21.2,40.4,30.4,222,646,IV,74.0,0.467,0.069,0.038,0.031
VOLVO,S60 Model Year 2002,2.4 Bi-Fuel ,M5,2435,Petrol,12.1,6.9,8.8,23.3,40.9,32.1,211,612,IV,74.0,0.410,,0.050,0.020
VOLVO,S60 Model Year 2002,2.4 Bi-Fuel ,M5,2435,LPG,15.8,8.8,11.4,17.9,32.1,24.8,185,396,IV,74.0,0.503,,0.037,0.040
VOLVO,S60 Model Year 2002,2.4 Bi-Fuel ,A5,2435,Petrol,14.0,7.1,9.6,20.2,39.8,29.4,231,668,IV,74.0,0.421,,0.050,0.073
VOLVO,S60 Model Year 2002,2.4 Bi-Fuel ,A5,2435,LPG,18.5,9.6,12.9,15.3,29.4,21.9,209,448,IV,74.0,0.376,,0.040,0.030
VOLVO,S60 Model Year 2002,2.4 Bi-Fuel ,M5,2435,Petrol,12.0,6.9,8.8,23.5,40.9,32.1,211,612,IV,74.0,0.436,0.112,0.066,0.046
VOLVO,S60 Model Year 2002,2.4 Bi-Fuel ,M5,2435,CNG  ,12.9,6.7,9.0,21.9,42.2,31.4,161,,IV,74.0,0.283,0.083,0.046,0.037
VOLVO,S60 Model Year 2002,2.4 Bi-Fuel ,A4,2435,Petrol,14.2,7.0,9.6,19.9,40.4,29.4,231,668,IV,74.0,0.500,0.129,0.056,0.073
VOLVO,S60 Model Year 2002,2.4 Bi-Fuel ,A4,2435,CNG  ,14.4,7.4,10.0,19.6,38.2,28.2,178,,IV,74.0,0.588,0.094,0.080,0.014
VOLVO,V70 Model Year 2002,2.4 (140 bhp),M5,2435,Petrol,12.2,7.0,8.9,23.2,40.4,31.7,214,620,IV,73.0,0.576,,0.037,0.018
VOLVO,V70 Model Year 2002,2.4 (140 bhp),A5,2435,Petrol,13.5,7.3,9.6,20.9,38.7,29.4,229,668,IV,73.0,0.456,,0.024,0.012
VOLVO,V70 Model Year 2002,2.4 (170 bhp),M5,2435,Petrol,12.5,7.2,9.1,22.6,39.2,31.0,219,634,IV,72.0,0.660,,0.047,0.022
VOLVO,V70 Model Year 2002,2.4 (170 bhp),A5,2435,Petrol,13.6,7.4,9.7,20.8,38.2,29.1,231,675,IV,73.0,0.552,,0.036,0.012
VOLVO,V70 Model Year 2002,2.4 Bi-Fuel ,M5,2435,Petrol,12.3,7.3,9.1,23.0,38.7,31.0,219,634,IV,74.0,0.422,,0.048,0.018
VOLVO,V70 Model Year 2002,2.4 Bi-Fuel ,M5,2435,LPG,16.4,9.7,12.2,17.2,29.1,23.2,197,423,IV,74.0,0.384,,0.038,0.043
VOLVO,V70 Model Year 2002,2.4 Bi-Fuel ,A5,2435,Petrol,14.5,7.7,10.2,19.5,36.7,27.7,244,709,IV,74.0,0.469,,0.052,0.052
VOLVO,V70 Model Year 2002,2.4 Bi-Fuel ,A5,2435,LPG,19.0,10.5,13.6,14.9,26.9,20.8,221,472,IV,74.0,0.398,,0.037,0.034
VOLVO,V70 Model Year 2002,2.4 Bi-Fuel ,M5,2435,Petrol,12.6,7.0,9.1,22.4,40.4,31.0,219,634,IV,74.0,0.420,0.109,0.066,0.043
VOLVO,V70 Model Year 2002,2.4 Bi-Fuel ,M5,2435,CNG  ,13.3,7.5,9.6,21.2,37.7,29.4,171,,IV,74.0,0.438,0.081,0.064,0.017
VOLVO,V70 Model Year 2002,2.4 Bi-Fuel ,A4,2435,Petrol,14.2,7.9,10.2,19.9,35.8,27.7,244,709,IV,74.0,0.548,0.107,0.052,0.055
VOLVO,V70 Model Year 2002,2.4 Bi-Fuel ,A4,2435,CNG  ,14.9,7.8,10.4,19.0,36.2,27.2,186,,IV,74.0,0.467,0.081,0.067,0.014
VOLVO,S80 Model Year 2002,T6 ,A4,2922,Petrol,16.3,8.4,11.3,17.3,33.6,25.0,272,786,IV,74.0,0.080,,0.056,0.031
VOLVO,S80 Model Year 2002,2.9,A4,2922,Petrol,15.1,8.3,10.8,18.7,34.0,26.2,259,750,IV,74.0,0.116,,0.035,0.022
VOLVO,S80 Model Year 2002,2.4 (140 bhp),M5,2435,Petrol,12.2,6.9,8.9,23.2,40.9,31.7,211,620,IV,73.0,0.528,,0.029,0.014
VOLVO,S80 Model Year 2002,2.4 (140 bhp),A5,2435,Petrol,13.7,7.2,9.6,20.6,39.2,29.4,229,668,IV,74.0,0.480,,0.040,0.011
VOLVO,S80 Model Year 2002,2.4 (170 bhp),M5,2435,Petrol,12.2,7.0,9.0,23.2,40.4,31.4,215,625,IV,72.0,0.516,,0.035,0.028
VOLVO,S80 Model Year 2002,2.4 (170 bhp),A5,2435,Petrol,13.7,7.3,9.7,20.6,38.7,29.1,231,675,IV,73.0,0.528,,0.034,0.011
VOLVO,S80 Model Year 2002,2.4 Bi-Fuel ,M5,2435,Petrol,12.4,6.9,8.9,22.8,40.9,31.7,213,620,IV,74.0,0.546,,0.062,0.023
VOLVO,S80 Model Year 2002,2.4 Bi-Fuel ,M5,2435,LPG,16.1,8.9,11.6,17.5,31.7,24.4,187,402,IV,74.0,0.552,,0.055,0.023
VOLVO,S80 Model Year 2002,2.4 Bi-Fuel ,A5,2435,Petrol,14.2,7.6,10.0,19.9,37.2,28.2,240,696,IV,74.0,0.578,,0.066,0.065
VOLVO,S80 Model Year 2002,2.4 Bi-Fuel ,A5,2435,LPG,18.7,10.1,13.3,15.1,28.0,21.2,215,463,IV,74.0,0.462,,0.036,0.028
VOLVO,S80 Model Year 2002,2.4 Bi-Fuel ,M5,2435,Petrol,12.3,6.9,8.9,23.0,40.9,31.7,213,620,IV,74.0,0.425,0.069,0.053,0.016
VOLVO,S80 Model Year 2002,2.4 Bi-Fuel ,M5,2435,CNG  ,12.8,7.1,9.2,22.1,39.8,30.7,164,,IV,74.0,0.384,0.090,0.064,0.026
VOLVO,S80 Model Year 2002,2.4 Bi-Fuel ,A4,2435,Petrol,14.9,7.6,10.1,19.0,37.2,28.0,246,701,IV,74.0,0.581,0.133,0.067,0.066
VOLVO,S80 Model Year 2002,2.4 Bi-Fuel ,A4,2435,CNG  ,15.1,7.9,10.5,18.7,35.8,26.9,187,,IV,74.0,0.580,0.083,0.067,0.016
